hgs	0	1	2	3	4	5	6	7	8	9	10	11	12	13	14	15
Q	M242															
Q1	M242	CTS5804														
Q1c	M242	CTS5804	rs200189258													
Q1a	M242	CTS5804	F1096													
Q1a1	M242	CTS5804	F1096	NWT01												
Q1a1a	M242	CTS5804	F1096	NWT01	F1718											
Q1a1a2	M242	CTS5804	F1096	NWT01	F1718	M7417										
Q1a2a1b~	M242	CTS5804	F1096	BZ648												
Q1a2a2b~	M242	CTS5804	F1096	Y22391												
Q1a2a2b1a~	M242	CTS5804	F1096	Y22391	BZ1021											
Q1b	M242	CTS5804	M346													
Q1b3	M242	CTS5804	M346	ZK207,ZK684,ZK128,ZK660,ZK220												
Q1b4	M242	CTS5804	M346	rs370714884												
Q1b5	M242	CTS5804	M346	ZK634,ZK789,ZK898,ZK713,ZK259,ZK474,ZK631,ZK267,ZK169,ZK13,ZK922,rs752773051,ZK413,ZK604,ZK917,ZK462,ZK897,ZK996												
Q1b1a	M242	CTS5804	M346	L54,ZK348												
Q1b1a1	M242	CTS5804	M346	L54,ZK348	CTS11969											
Q1b1a1a	M242	CTS5804	M346	L54,ZK348	CTS11969	CTS856,M3										
Q1b1a1a1	M242	CTS5804	M346	L54,ZK348	CTS11969	CTS856,M3	M848,M902,rs9785798									
Q1b1a1a1z	M242	CTS5804	M346	L54,ZK348	CTS11969	CTS856,M3	M848,M902,rs9785798	ZK880,Y10_GMP35,Y10_16517006,Y10_17906514,gn_14163825								
Q1b1a1a1z1	M242	CTS5804	M346	L54,ZK348	CTS11969	CTS856,M3	M848,M902,rs9785798	ZK880,Y10_GMP35,Y10_16517006,Y10_17906514,gn_14163825	ZK795,ZK147,ZK808,ZK827,ZK861,ZK862,ZK867,ZK874,ZK41,ZK47,ZK62,ZK72,ZK190,ZK198,ZK214,ZK218,ZK245,ZK286,ZK307,ZK326,ZK382,ZK395,ZK468,ZK472,ZK534,ZK538,ZK567,ZK614,ZK627,ZK632,ZK721,ZK722,ZK760,ZK763,ZK698,ZK822,ZK265							
Q1b1a1a1z1a	M242	CTS5804	M346	L54,ZK348	CTS11969	CTS856,M3	M848,M902,rs9785798	ZK880,Y10_GMP35,Y10_16517006,Y10_17906514,gn_14163825	ZK795,ZK147,ZK808,ZK827,ZK861,ZK862,ZK867,ZK874,ZK41,ZK47,ZK62,ZK72,ZK190,ZK198,ZK214,ZK218,ZK245,ZK286,ZK307,ZK326,ZK382,ZK395,ZK468,ZK472,ZK534,ZK538,ZK567,ZK614,ZK627,ZK632,ZK721,ZK722,ZK760,ZK763,ZK698,ZK822,ZK265	ZK251,ZK330,ZK337,ZK407,ZK408,ZK481,ZK119,ZK708,ZK725,ZK770						
Q1b1a1a1z2	M242	CTS5804	M346	L54,ZK348	CTS11969	CTS856,M3	M848,M902,rs9785798	ZK880,Y10_GMP35,Y10_16517006,Y10_17906514,gn_14163825	Y10_GMP34							
Q1b1a1a1ab	M242	CTS5804	M346	L54,ZK348	CTS11969	CTS856,M3	M848,M902,rs9785798	Y1_14495293,Y1_7842069								
Q1b1a1a1ac	M242	CTS5804	M346	L54,ZK348	CTS11969	CTS856,M3	M848,M902,rs9785798	ZK1251								
Q1b1a1a1ac1	M242	CTS5804	M346	L54,ZK348	CTS11969	CTS856,M3	M848,M902,rs9785798	ZK1251	ZK805,ZK58,ZK282,ZK322,ZK360,ZK1083,ZK433,ZK1089,ZK473,ZK501,ZK555,ZK557,ZK1190,ZK706,ZK764,rs1013308194,ZK737,ZK642,ZK774							
Q1b1a1a1ac1a	M242	CTS5804	M346	L54,ZK348	CTS11969	CTS856,M3	M848,M902,rs9785798	ZK1251	ZK805,ZK58,ZK282,ZK322,ZK360,ZK1083,ZK433,ZK1089,ZK473,ZK501,ZK555,ZK557,ZK1190,ZK706,ZK764,rs1013308194,ZK737,ZK642,ZK774	ZK930,ZK185,ZK202,ZK221,ZK243,ZK253,ZK285,ZK98,ZK340,ZK427,ZK452,ZK1121,ZK588,ZK611,ZK613,ZK674,ZK701,ZK139,ZK1201,ZK720						
Q1b1a1a1ac1a1	M242	CTS5804	M346	L54,ZK348	CTS11969	CTS856,M3	M848,M902,rs9785798	ZK1251	ZK805,ZK58,ZK282,ZK322,ZK360,ZK1083,ZK433,ZK1089,ZK473,ZK501,ZK555,ZK557,ZK1190,ZK706,ZK764,rs1013308194,ZK737,ZK642,ZK774	ZK930,ZK185,ZK202,ZK221,ZK243,ZK253,ZK285,ZK98,ZK340,ZK427,ZK452,ZK1121,ZK588,ZK611,ZK613,ZK674,ZK701,ZK139,ZK1201,ZK720	ZK871,ZK77,ZK183,ZK113,ZK447,ZK460,ZK571,ZK578,ZK1183,ZK683,ZK135,ZK736,ZK755					
Q1b1a1a1ac2	M242	CTS5804	M346	L54,ZK348	CTS11969	CTS856,M3	M848,M902,rs9785798	ZK1251	Y5_CO02							
Q1b1a1a1ac2a	M242	CTS5804	M346	L54,ZK348	CTS11969	CTS856,M3	M848,M902,rs9785798	ZK1251	Y5_CO02	Y5_CO11						
Q1b1a1a1ac2a1	M242	CTS5804	M346	L54,ZK348	CTS11969	CTS856,M3	M848,M902,rs9785798	ZK1251	Y5_CO02	Y5_CO11	ZK812,ZK1072					
Q1b1a1a1ac2a1a	M242	CTS5804	M346	L54,ZK348	CTS11969	CTS856,M3	M848,M902,rs9785798	ZK1251	Y5_CO02	Y5_CO11	ZK812,ZK1072	ZK1250,gn_6917905				
Q1b1a1a1ac2a1a1	M242	CTS5804	M346	L54,ZK348	CTS11969	CTS856,M3	M848,M902,rs9785798	ZK1251	Y5_CO02	Y5_CO11	ZK812,ZK1072	ZK1250,gn_6917905	ZK834,ZK45,ZK425			
Q1b1a1a1ac2a1a2	M242	CTS5804	M346	L54,ZK348	CTS11969	CTS856,M3	M848,M902,rs9785798	ZK1251	Y5_CO02	Y5_CO11	ZK812,ZK1072	ZK1250,gn_6917905	ZK807,ZK969,gn_14418467,ZK998,ZK249,ZK1016,ZK385,ZK396,ZK405,ZK603			
Q1b1a1a1ac2a1a2a	M242	CTS5804	M346	L54,ZK348	CTS11969	CTS856,M3	M848,M902,rs9785798	ZK1251	Y5_CO02	Y5_CO11	ZK812,ZK1072	ZK1250,gn_6917905	ZK807,ZK969,gn_14418467,ZK998,ZK249,ZK1016,ZK385,ZK396,ZK405,ZK603	ZK989,ZK280,ZK381,ZK127,ZK666,ZK726		
Q1b1a1a1ac2a1a2a1	M242	CTS5804	M346	L54,ZK348	CTS11969	CTS856,M3	M848,M902,rs9785798	ZK1251	Y5_CO02	Y5_CO11	ZK812,ZK1072	ZK1250,gn_6917905	ZK807,ZK969,gn_14418467,ZK998,ZK249,ZK1016,ZK385,ZK396,ZK405,ZK603	ZK989,ZK280,ZK381,ZK127,ZK666,ZK726	ZK813,ZK38,ZK981,ZK217,ZK309,ZK446,ZK456,ZK494,ZK1120,ZK573,ZK575,ZK671,ZK685,ZK692	
Q1b1a1a1ac2a1a2a1a	M242	CTS5804	M346	L54,ZK348	CTS11969	CTS856,M3	M848,M902,rs9785798	ZK1251	Y5_CO02	Y5_CO11	ZK812,ZK1072	ZK1250,gn_6917905	ZK807,ZK969,gn_14418467,ZK998,ZK249,ZK1016,ZK385,ZK396,ZK405,ZK603	ZK989,ZK280,ZK381,ZK127,ZK666,ZK726	ZK813,ZK38,ZK981,ZK217,ZK309,ZK446,ZK456,ZK494,ZK1120,ZK573,ZK575,ZK671,ZK685,ZK692	ZK939,ZK323,ZK1078
Q1b1a1a1ac2a1a2a1b	M242	CTS5804	M346	L54,ZK348	CTS11969	CTS856,M3	M848,M902,rs9785798	ZK1251	Y5_CO02	Y5_CO11	ZK812,ZK1072	ZK1250,gn_6917905	ZK807,ZK969,gn_14418467,ZK998,ZK249,ZK1016,ZK385,ZK396,ZK405,ZK603	ZK989,ZK280,ZK381,ZK127,ZK666,ZK726	ZK813,ZK38,ZK981,ZK217,ZK309,ZK446,ZK456,ZK494,ZK1120,ZK573,ZK575,ZK671,ZK685,ZK692	ZK1276,ZK193
Q1b1a1a1ac2b	M242	CTS5804	M346	L54,ZK348	CTS11969	CTS856,M3	M848,M902,rs9785798	ZK1251	Y5_CO02	rs9786213,Y5_CO14						
Q1b1a1a1x	M242	CTS5804	M346	L54,ZK348	CTS11969	CTS856,M3	M848,M902,rs9785798	Y10_16524207								
Q1b1a1a1x1	M242	CTS5804	M346	L54,ZK348	CTS11969	CTS856,M3	M848,M902,rs9785798	Y10_16524207	ZK1236,ZK434,ZK1212,gn_22614591,ZK780							
Q1b1a1a1x1a	M242	CTS5804	M346	L54,ZK348	CTS11969	CTS856,M3	M848,M902,rs9785798	Y10_16524207	ZK1236,ZK434,ZK1212,gn_22614591,ZK780	ZK833,ZK12,ZK158,ZK30,ZK31,ZK68,ZK80,ZK187,ZK241,ZK942,ZK314,ZK358,ZK469,ZK1109,ZK1113,ZK509,ZK520,ZK527,ZK535,ZK1136,ZK638,ZK678,ZK961,ZK777						
Q1b1a1a1x1b	M242	CTS5804	M346	L54,ZK348	CTS11969	CTS856,M3	M848,M902,rs9785798	Y10_16524207	ZK1236,ZK434,ZK1212,gn_22614591,ZK780	ZK240,ZK292						
Q1b1a1a1x1b1	M242	CTS5804	M346	L54,ZK348	CTS11969	CTS856,M3	M848,M902,rs9785798	Y10_16524207	ZK1236,ZK434,ZK1212,gn_22614591,ZK780	ZK240,ZK292	ZK374					
Q1b1a1a1x2	M242	CTS5804	M346	L54,ZK348	CTS11969	CTS856,M3	M848,M902,rs9785798	Y10_16524207	ZK1240,ZK931,ZK892,ZK901,ZK977,ZK1022,ZK1100							
Q1b1a1a1x2a	M242	CTS5804	M346	L54,ZK348	CTS11969	CTS856,M3	M848,M902,rs9785798	Y10_16524207	ZK1240,ZK931,ZK892,ZK901,ZK977,ZK1022,ZK1100	ZK825,Y10_15027317,Y10_15356961,ZK275,ZK1096,ZK641						
Q1b1a1a1x2a1	M242	CTS5804	M346	L54,ZK348	CTS11969	CTS856,M3	M848,M902,rs9785798	Y10_16524207	ZK1240,ZK931,ZK892,ZK901,ZK977,ZK1022,ZK1100	ZK825,Y10_15027317,Y10_15356961,ZK275,ZK1096,ZK641	ZK884,ZK75,ZK923,ZK302,ZK497,ZK664,ZK131,ZK709,ZK1205					
Q1b1a1a1x2b	M242	CTS5804	M346	L54,ZK348	CTS11969	CTS856,M3	M848,M902,rs9785798	Y10_16524207	ZK1240,ZK931,ZK892,ZK901,ZK977,ZK1022,ZK1100	ZK1243,rs371003537,ZK225,ZK244,ZK246,ZK301,ZK1051,ZK1063,ZK1070,ZK417,ZK1093,ZK1098,ZK1117,ZK1151,ZK665,ZK695,ZK752,ZK756,ZK465						
Q1b1a1a1ad	M242	CTS5804	M346	L54,ZK348	CTS11969	CTS856,M3	M848,M902,rs9785798	ZK850,ZK1007,ZK279,rs757115426,ZK116,ZK956,ZK1167,ZK742,ZK55,ZK316,ZK186,ZK418,ZK290,ZK470,ZK383,ZK107,ZK145,ZK238,ZK387,ZK441,rs757115426,ZK431,ZK745,ZK821,ZK552,ZK749,ZK482								
Q1b1a1a1ad1	M242	CTS5804	M346	L54,ZK348	CTS11969	CTS856,M3	M848,M902,rs9785798	ZK850,ZK1007,ZK279,rs757115426,ZK116,ZK956,ZK1167,ZK742,ZK55,ZK316,ZK186,ZK418,ZK290,ZK470,ZK383,ZK107,ZK145,ZK238,ZK387,ZK441,rs757115426,ZK431,ZK745,ZK821,ZK552,ZK749,ZK482	ZK29,ZK164,ZK1030,ZK1119							
Q1b1a1a1ae	M242	CTS5804	M346	L54,ZK348	CTS11969	CTS856,M3	M848,M902,rs9785798	Y1_7409968								
Q1b1a1a1af	M242	CTS5804	M346	L54,ZK348	CTS11969	CTS856,M3	M848,M902,rs9785798	Y1_21610793								
Q1b1a1a1af1	M242	CTS5804	M346	L54,ZK348	CTS11969	CTS856,M3	M848,M902,rs9785798	Y1_21610793	gn_18025414							
Q1b1a1a1ag	M242	CTS5804	M346	L54,ZK348	CTS11969	CTS856,M3	M848,M902,rs9785798	Y1_17434355								
Q1b1a1a1ah	M242	CTS5804	M346	L54,ZK348	CTS11969	CTS856,M3	M848,M902,rs9785798	ZK1239,gn_14542409,ZK983,ZK261,ZK943,ZK289,ZK308,ZK345,ZK424,ZK464,ZK493,ZK1114,ZK570,ZK1155,ZK661,ZK682,ZK703,ZK141,ZK163,ZK151								
Q1b1a1a1ah1	M242	CTS5804	M346	L54,ZK348	CTS11969	CTS856,M3	M848,M902,rs9785798	ZK1239,gn_14542409,ZK983,ZK261,ZK943,ZK289,ZK308,ZK345,ZK424,ZK464,ZK493,ZK1114,ZK570,ZK1155,ZK661,ZK682,ZK703,ZK141,ZK163,ZK151	ZK616							
Q1b1a1a1ai	M242	CTS5804	M346	L54,ZK348	CTS11969	CTS856,M3	M848,M902,rs9785798	ZK840,ZK33,ZK44,ZK161,ZK179,ZK351,ZK389,rs902427588,ZK455,ZK471,ZK475,ZK487,ZK118,ZK568,ZK620,ZK645,ZK315,ZK372,ZK647,ZK306,ZK410,ZK672,ZK521,ZK548,ZK817,ZK451,ZK200,ZK734,ZK826,ZK199,ZK359,ZK104								
Q1b1a1a1ai1	M242	CTS5804	M346	L54,ZK348	CTS11969	CTS856,M3	M848,M902,rs9785798	ZK840,ZK33,ZK44,ZK161,ZK179,ZK351,ZK389,rs902427588,ZK455,ZK471,ZK475,ZK487,ZK118,ZK568,ZK620,ZK645,ZK315,ZK372,ZK647,ZK306,ZK410,ZK672,ZK521,ZK548,ZK817,ZK451,ZK200,ZK734,ZK826,ZK199,ZK359,ZK104	ZK820,ZK823,ZK846,ZK882,ZK32,ZK180,ZK181,ZK91,ZK342,ZK398,ZK531,ZK590,ZK746,ZK144							
Q1b1a1a1aj	M242	CTS5804	M346	L54,ZK348	CTS11969	CTS856,M3	M848,M902,rs9785798	ZK804,ZK841,ZK1266,ZK1273,ZK870,Y10_GMP41,Y10_14764319,Y10_15058491,ZK1009,ZK1027,ZK310,ZK1090,ZK955,ZK1130,ZK957,ZK1184,Y10_22753117								
Q1b1a1a1aj1	M242	CTS5804	M346	L54,ZK348	CTS11969	CTS856,M3	M848,M902,rs9785798	ZK804,ZK841,ZK1266,ZK1273,ZK870,Y10_GMP41,Y10_14764319,Y10_15058491,ZK1009,ZK1027,ZK310,ZK1090,ZK955,ZK1130,ZK957,ZK1184,Y10_22753117	ZK806,ZK155,gn_17049279,ZK390,ZK391,ZK111,ZK759							
Q1b1a1a1aj2	M242	CTS5804	M346	L54,ZK348	CTS11969	CTS856,M3	M848,M902,rs9785798	ZK804,ZK841,ZK1266,ZK1273,ZK870,Y10_GMP41,Y10_14764319,Y10_15058491,ZK1009,ZK1027,ZK310,ZK1090,ZK955,ZK1130,ZK957,ZK1184,Y10_22753117	ZK288,gn_19289913,ZK1160,ZK748							
Q1b1a1a1ak	M242	CTS5804	M346	L54,ZK348	CTS11969	CTS856,M3	M848,M902,rs9785798	ZK791,ZK799,ZK818,ZK7,ZK885,ZK858,ZK1278,ZK866,ZK159,ZK224,ZK248,ZK268,ZK386,ZK110,ZK1082,ZK1099,ZK117,ZK528,ZK569,ZK687,ZK1191,ZK864								
Q1b1a1a1ak1	M242	CTS5804	M346	L54,ZK348	CTS11969	CTS856,M3	M848,M902,rs9785798	ZK791,ZK799,ZK818,ZK7,ZK885,ZK858,ZK1278,ZK866,ZK159,ZK224,ZK248,ZK268,ZK386,ZK110,ZK1082,ZK1099,ZK117,ZK528,ZK569,ZK687,ZK1191,ZK864	ZK40,ZK918,ZK1020,ZK1091,ZK526,ZK529,ZK549,ZK1144,ZK1145,ZK124,ZK618,ZK1156,ZK87,ZK1181,ZK669,ZK779,ZK457,ZK338,ZK208,ZK622,ZK92,ZK625,ZK747,ZK428							
Q1b1a1a1ak2	M242	CTS5804	M346	L54,ZK348	CTS11969	CTS856,M3	M848,M902,rs9785798	ZK791,ZK799,ZK818,ZK7,ZK885,ZK858,ZK1278,ZK866,ZK159,ZK224,ZK248,ZK268,ZK386,ZK110,ZK1082,ZK1099,ZK117,ZK528,ZK569,ZK687,ZK1191,ZK864	ZK830,ZK173,ZK216,gn_15981102,ZK399,ZK86,ZK572,ZK591,ZK662,ZK761,ZK517,ZK49,ZK630,ZK152							
Q1b1a1a1al	M242	CTS5804	M346	L54,ZK348	CTS11969	CTS856,M3	M848,M902,rs9785798	ZK819,ZK1249,ZK848,ZK239,ZK371,ZK559,rs978638896,ZK138,ZK439								
Q1b1a1a1am	M242	CTS5804	M346	L54,ZK348	CTS11969	CTS856,M3	M848,M902,rs9785798	gn_16510518,ZK1200,ZK373								
Q1b1a1a1am1	M242	CTS5804	M346	L54,ZK348	CTS11969	CTS856,M3	M848,M902,rs9785798	gn_16510518,ZK1200,ZK373	ZK965,ZK829,ZK1262,ZK873,ZK881,ZK20,ZK24,ZK891,ZK36,ZK52,ZK56,ZK67,ZK913,ZK924,ZK993,ZK232,ZK263,ZK1025,ZK370,ZK384,ZK478,ZK1142,ZK1203,ZK753,ZK757,ZK783							
Q1b1a1a1an	M242	CTS5804	M346	L54,ZK348	CTS11969	CTS856,M3	M848,M902,rs9785798	Y1_rs760033971								
Q1b1a1a1ao	M242	CTS5804	M346	L54,ZK348	CTS11969	CTS856,M3	M848,M902,rs9785798	Y1_2888215,Y1_22741690								
Q1b1a1a1ap	M242	CTS5804	M346	L54,ZK348	CTS11969	CTS856,M3	M848,M902,rs9785798	Y1_2790661								
Q1b1a1a1aq	M242	CTS5804	M346	L54,ZK348	CTS11969	CTS856,M3	M848,M902,rs9785798	ZK1241,ZK902,Y10_15980062,Y10_17685415,Y10_18111388								
Q1b1a1a1ar	M242	CTS5804	M346	L54,ZK348	CTS11969	CTS856,M3	M848,M902,rs9785798	gn_17053136								
Q1b1a1a1ar1	M242	CTS5804	M346	L54,ZK348	CTS11969	CTS856,M3	M848,M902,rs9785798	gn_17053136	ZK153,ZK156,ZK35,ZK73,ZK196,ZK294,ZK363,ZK1060,ZK430,ZK498,ZK503,ZK511,ZK589,ZK619,ZK1182,ZK219,ZK6,ZK458							
Q1b1a1a1ar1a	M242	CTS5804	M346	L54,ZK348	CTS11969	CTS856,M3	M848,M902,rs9785798	gn_17053136	ZK153,ZK156,ZK35,ZK73,ZK196,ZK294,ZK363,ZK1060,ZK430,ZK498,ZK503,ZK511,ZK589,ZK619,ZK1182,ZK219,ZK6,ZK458	ZK831,ZK1254,ZK14,ZK849,ZK856,ZK22,ZK50,ZK57,ZK911,ZK932,ZK192,ZK991,ZK93,ZK1019,ZK287,ZK311,ZK329,ZK379,ZK1064,ZK397,ZK401,ZK495,ZK543,ZK544,ZK551,ZK1132,ZK561,ZK566,ZK582,ZK592,ZK605,ZK626,ZK635,ZK646,ZK650,ZK707,ZK1216,rs1281366472,ZK1230						
Q1b1a1a1ar2	M242	CTS5804	M346	L54,ZK348	CTS11969	CTS856,M3	M848,M902,rs9785798	gn_17053136	Y1_3436679							
Q1b1a1a1ar3	M242	CTS5804	M346	L54,ZK348	CTS11969	CTS856,M3	M848,M902,rs9785798	gn_17053136	ZK148,ZK150,ZK154,ZK842,ZK859,ZK18,ZK37,ZK160,ZK166,ZK175,ZK178,ZK976,ZK206,ZK1011,ZK270,ZK273,ZK295,ZK304,ZK305,ZK341,ZK347,ZK356,ZK364,ZK394,ZK1066,ZK432,ZK114,ZK459,ZK508,ZK516,ZK532,ZK553,ZK574,ZK583,ZK595,ZK624,ZK637,ZK1170,ZK1176,ZK648,ZK670,ZK676,ZK690,ZK772,gn_17193728,							
Q1b1a1a1as	M242	CTS5804	M346	L54,ZK348	CTS11969	CTS856,M3	M848,M902,rs9785798	ZK794,ZK890,ZK896,ZK905,ZK906,ZK59,ZK909,ZK920,ZK972,ZK936,ZK211,ZK992,ZK994,ZK1006,ZK1010,ZK1012,ZK255,ZK1035,ZK319,ZK332,ZK350,ZK927,ZK1055,ZK375,ZK1069,ZK112,ZK1087,ZK502,ZK512,ZK519,ZK1127,ZK1128,ZK560,ZK1135,ZK1149,ZK607,ZK1152,ZK1159,ZK130,ZK677,ZK700,ZK705,ZK729,ZK743,ZK1217,ZK775,ZK1228,ZK1000,ZK1283								
Q1b1a1a1at	M242	CTS5804	M346	L54,ZK348	CTS11969	CTS856,M3	M848,M902,rs9785798	Y11_MPB139								
Q1b1a1a1at1	M242	CTS5804	M346	L54,ZK348	CTS11969	CTS856,M3	M848,M902,rs9785798	Y11_MPB139	ZK445							
Q1b1a1a1au	M242	CTS5804	M346	L54,ZK348	CTS11969	CTS856,M3	M848,M902,rs9785798	BZ648								
Q1b1a1a1*	M242	CTS5804	M346	L54,ZK348	CTS11969	CTS856,M3	M848,M902,rs9785798	Y753								
Q1b1a1a1*p	M242	CTS5804	M346	L54,ZK348	CTS11969	CTS856,M3	M848,M902,rs9785798	Y753	Z35597							
Q1b1a1a1*p3	M242	CTS5804	M346	L54,ZK348	CTS11969	CTS856,M3	M848,M902,rs9785798	Y753	Z35597	BY104773						
Q1b1a1a1*p3a	M242	CTS5804	M346	L54,ZK348	CTS11969	CTS856,M3	M848,M902,rs9785798	Y753	Z35597	BY104773	Y126908					
Q1b1a1a1*p3b	M242	CTS5804	M346	L54,ZK348	CTS11969	CTS856,M3	M848,M902,rs9785798	Y753	Z35597	BY104773	SA05					
Q1b1a1a1*p3c	M242	CTS5804	M346	L54,ZK348	CTS11969	CTS856,M3	M848,M902,rs9785798	Y753	Z35597	BY104773	ZK250,gn_16385437,ZK317,rs536064140,ZK1062,ZK422,ZK438,ZK463,ZK522,ZK545,ZK581,ZK1194,ZK766,ZK1231					
Q1b1a1a1*p3c1	M242	CTS5804	M346	L54,ZK348	CTS11969	CTS856,M3	M848,M902,rs9785798	Y753	Z35597	BY104773	ZK250,gn_16385437,ZK317,rs536064140,ZK1062,ZK422,ZK438,ZK463,ZK522,ZK545,ZK581,ZK1194,ZK766,ZK1231	ZK1124,ZK667				
Q1b1a1a1*p3d	M242	CTS5804	M346	L54,ZK348	CTS11969	CTS856,M3	M848,M902,rs9785798	Y753	Z35597	BY104773	ZK796,ZK801,ZK3,ZK9,ZK10,ZK847,ZK17,ZK43,ZK51,ZK53,ZK69,ZK914,ZK170,ZK974,ZK189,ZK194,ZK210,ZK226,ZK227,ZK237,ZK254,ZK260,ZK1017,ZK266,ZK96,ZK324,ZK327,ZK333,ZK361,ZK105,ZK367,ZK378,ZK435,ZK486,ZK492,ZK504,ZK524,ZK542,ZK558,ZK121,ZK563,ZK579,ZK600,ZK609,ZK651,ZK652,ZK655,ZK696,ZK697,ZK711,ZK712,ZK724,ZK738,ZK767,ZK768,ZK785					
Q1b1a1a1*p3d1	M242	CTS5804	M346	L54,ZK348	CTS11969	CTS856,M3	M848,M902,rs9785798	Y753	Z35597	BY104773	ZK796,ZK801,ZK3,ZK9,ZK10,ZK847,ZK17,ZK43,ZK51,ZK53,ZK69,ZK914,ZK170,ZK974,ZK189,ZK194,ZK210,ZK226,ZK227,ZK237,ZK254,ZK260,ZK1017,ZK266,ZK96,ZK324,ZK327,ZK333,ZK361,ZK105,ZK367,ZK378,ZK435,ZK486,ZK492,ZK504,ZK524,ZK542,ZK558,ZK121,ZK563,ZK579,ZK600,ZK609,ZK651,ZK652,ZK655,ZK696,ZK697,ZK711,ZK712,ZK724,ZK738,ZK767,ZK768,ZK785	ZK514				
Q1b1a1a1*p1	M242	CTS5804	M346	L54,ZK348	CTS11969	CTS856,M3	M848,M902,rs9785798	Y753	Z35597	Z35570						
Q1b1a1a1*p1a	M242	CTS5804	M346	L54,ZK348	CTS11969	CTS856,M3	M848,M902,rs9785798	Y753	Z35597	Z35570	Z35561					
Q1b1a1a1*p1a1	M242	CTS5804	M346	L54,ZK348	CTS11969	CTS856,M3	M848,M902,rs9785798	Y753	Z35597	Z35570	Z35561	Z35506,Y10_17263815,ZK1116,Z35514,Z35535				
Q1b1a1a1*p1a1a	M242	CTS5804	M346	L54,ZK348	CTS11969	CTS856,M3	M848,M902,rs9785798	Y753	Z35597	Z35570	Z35561	Z35506,Y10_17263815,ZK1116,Z35514,Z35535	ZK1256,ZK1287,ZK970,ZK895,ZK1101,ZK1171,ZK1189,ZK1204			
Q1b1a1a1*p1a1a1	M242	CTS5804	M346	L54,ZK348	CTS11969	CTS856,M3	M848,M902,rs9785798	Y753	Z35597	Z35570	Z35561	Z35506,Y10_17263815,ZK1116,Z35514,Z35535	ZK1256,ZK1287,ZK970,ZK895,ZK1101,ZK1171,ZK1189,ZK1204	ZK1268,ZK908,ZK1033,ZK530		
Q1b1a1a1*p1a1a1a	M242	CTS5804	M346	L54,ZK348	CTS11969	CTS856,M3	M848,M902,rs9785798	Y753	Z35597	Z35570	Z35561	Z35506,Y10_17263815,ZK1116,Z35514,Z35535	ZK1256,ZK1287,ZK970,ZK895,ZK1101,ZK1171,ZK1189,ZK1204	ZK1268,ZK908,ZK1033,ZK530	B44	
Q1b1a1a1*p1a1a1b	M242	CTS5804	M346	L54,ZK348	CTS11969	CTS856,M3	M848,M902,rs9785798	Y753	Z35597	Z35570	Z35561	Z35506,Y10_17263815,ZK1116,Z35514,Z35535	ZK1256,ZK1287,ZK970,ZK895,ZK1101,ZK1171,ZK1189,ZK1204	ZK1268,ZK908,ZK1033,ZK530	B45	
Q1b1a1a1*p1b	M242	CTS5804	M346	L54,ZK348	CTS11969	CTS856,M3	M848,M902,rs9785798	Y753	Z35597	Z35570	ZK1264,gn_7147629,ZK274,ZK300,ZK1095,ZK781,ZK28,ZK484,ZK490,ZK491,ZK903,ZK140,ZK291,ZK899					
Q1b1a1a1*p1b1	M242	CTS5804	M346	L54,ZK348	CTS11969	CTS856,M3	M848,M902,rs9785798	Y753	Z35597	Z35570	ZK1264,gn_7147629,ZK274,ZK300,ZK1095,ZK781,ZK28,ZK484,ZK490,ZK491,ZK903,ZK140,ZK291,ZK899	ZK1235,ZK1260,ZK984,ZK215,ZK1029,ZK1043,ZK947,ZK1097,ZK1112,ZK576,ZK1143,ZK1165,ZK1187,ZK741				
Q1b1a1a1*ab	M242	CTS5804	M346	L54,ZK348	CTS11969	CTS856,M3	M848,M902,rs9785798	Y753	Y126607							
Q1b1a1a1*ab1	M242	CTS5804	M346	L54,ZK348	CTS11969	CTS856,M3	M848,M902,rs9785798	Y753	Y126607	ZK1244,ZK824,ZK860,ZK868,ZK875,Y204793,ZK102,ZK404,ZK406,ZK412,ZK719						
Q1b1a1a1*ab1a	M242	CTS5804	M346	L54,ZK348	CTS11969	CTS856,M3	M848,M902,rs9785798	Y753	Y126607	ZK1244,ZK824,ZK860,ZK868,ZK875,Y204793,ZK102,ZK404,ZK406,ZK412,ZK719	ZK79,ZK479,ZK515					
Q1b1a1a1*ab1b	M242	CTS5804	M346	L54,ZK348	CTS11969	CTS856,M3	M848,M902,rs9785798	Y753	Y126607	ZK1244,ZK824,ZK860,ZK868,ZK875,Y204793,ZK102,ZK404,ZK406,ZK412,ZK719	FT274504					
Q1b1a1a1*e	M242	CTS5804	M346	L54,ZK348	CTS11969	CTS856,M3	M848,M902,rs9785798	Y753	CTS11357							
Q1b1a1a1*e1	M242	CTS5804	M346	L54,ZK348	CTS11969	CTS856,M3	M848,M902,rs9785798	Y753	CTS11357	CTS11330						
Q1b1a1a1*e1a	M242	CTS5804	M346	L54,ZK348	CTS11969	CTS856,M3	M848,M902,rs9785798	Y753	CTS11357	CTS11330	CTS10359					
Q1b1a1a1*e1a1	M242	CTS5804	M346	L54,ZK348	CTS11969	CTS856,M3	M848,M902,rs9785798	Y753	CTS11357	CTS11330	CTS10359	CTS4765				
Q1b1a1a1*e1a1a	M242	CTS5804	M346	L54,ZK348	CTS11969	CTS856,M3	M848,M902,rs9785798	Y753	CTS11357	CTS11330	CTS10359	CTS4765	YP4723,Y11_MPB160			
Q1b1a1a1*e1a1b	M242	CTS5804	M346	L54,ZK348	CTS11969	CTS856,M3	M848,M902,rs9785798	Y753	CTS11357	CTS11330	CTS10359	CTS4765	Y11_MPB162			
Q1b1a1a1*e1a1b1	M242	CTS5804	M346	L54,ZK348	CTS11969	CTS856,M3	M848,M902,rs9785798	Y753	CTS11357	CTS11330	CTS10359	CTS4765	Y11_MPB162	Y11_MPB166,Y11_MPB169,Y11_MPB168,Y11_MPB165,Y11_MPB167		
Q1b1a1a1*e1a2	M242	CTS5804	M346	L54,ZK348	CTS11969	CTS856,M3	M848,M902,rs9785798	Y753	CTS11357	CTS11330	CTS10359	CTS4765	Y11_MPB162	Y11_MPB166,Y11_MPB169,Y11_MPB168,Y11_MPB165,Y11_MPB167		
Q1b1a1a1*e1d	M242	CTS5804	M346	L54,ZK348	CTS11969	CTS856,M3	M848,M902,rs9785798	Y753	CTS11357	CTS11330	CTS4795					
Q1b1a1a1*e1d1	M242	CTS5804	M346	L54,ZK348	CTS11969	CTS856,M3	M848,M902,rs9785798	Y753	CTS11357	CTS11330	CTS4795	CTS2462				
Q1b1a1a1*e1b~	M242	CTS5804	M346	L54,ZK348	CTS11969	CTS856,M3	M848,M902,rs9785798	Y753	CTS11357	CTS11330	CTS10853					
Q1b1a1a1*e1b1~	M242	CTS5804	M346	L54,ZK348	CTS11969	CTS856,M3	M848,M902,rs9785798	Y753	CTS11357	CTS11330	CTS10853	CTS7101				
Q1b1a1a1*e1c~	M242	CTS5804	M346	L54,ZK348	CTS11969	CTS856,M3	M848,M902,rs9785798	Y753	CTS11357	CTS11330	Y10784					
Q1b1a1a1*e2	M242	CTS5804	M346	L54,ZK348	CTS11969	CTS856,M3	M848,M902,rs9785798	Y753	CTS11357	rs747890065,Y10_22162360						
Q1b1a1a1*e2b~	M242	CTS5804	M346	L54,ZK348	CTS11969	CTS856,M3	M848,M902,rs9785798	Y753	CTS11357	rs747890065,Y10_22162360	Z19622^					
Q1b1a1a1*e2b1~	M242	CTS5804	M346	L54,ZK348	CTS11969	CTS856,M3	M848,M902,rs9785798	Y753	CTS11357	rs747890065,Y10_22162360	Z19622^	Z35715,ZK853				
Q1b1a1a1*e3~	M242	CTS5804	M346	L54,ZK348	CTS11969	CTS856,M3	M848,M902,rs9785798	Y753	CTS11357	Y26551,BZ270						
Q1b1a1a1*e3a~	M242	CTS5804	M346	L54,ZK348	CTS11969	CTS856,M3	M848,M902,rs9785798	Y753	CTS11357	Y26551,BZ270	Y210687,Y26591,YP5753					
Q1b1a1a1*f	M242	CTS5804	M346	L54,ZK348	CTS11969	CTS856,M3	M848,M902,rs9785798	Y753	Z35841							
Q1b1a1a1*f3	M242	CTS5804	M346	L54,ZK348	CTS11969	CTS856,M3	M848,M902,rs9785798	Y753	Z35841	ZK800,ZK426,ZK872,ZK4,ZK792,ZK657,ZK440,gn_6950439,ZK556,ZK331,ZK621,ZK89,ZK419,ZK811,ZK790,ZK352,ZK739,ZK1065						
Q1b1a1a1*f1~	M242	CTS5804	M346	L54,ZK348	CTS11969	CTS856,M3	M848,M902,rs9785798	Y753	Z35841	B47						
Q1b1a1a1*h	M242	CTS5804	M346	L54,ZK348	CTS11969	CTS856,M3	M848,M902,rs9785798	Y753	Z8028,Z5906							
Q1b1a1a1*h3	M242	CTS5804	M346	L54,ZK348	CTS11969	CTS856,M3	M848,M902,rs9785798	Y753	Z8028,Z5906	Y165195						
Q1b1a1a1*h1	M242	CTS5804	M346	L54,ZK348	CTS11969	CTS856,M3	M848,M902,rs9785798	Y753	Z8028,Z5906	CTS4000,Y10_6793301						
Q1b1a1a1*h1a	M242	CTS5804	M346	L54,ZK348	CTS11969	CTS856,M3	M848,M902,rs9785798	Y753	Z8028,Z5906	CTS4000,Y10_6793301	Z19523					
Q1b1a1a1*h1a4	M242	CTS5804	M346	L54,ZK348	CTS11969	CTS856,M3	M848,M902,rs9785798	Y753	Z8028,Z5906	CTS4000,Y10_6793301	Z19523	Z5907				
Q1b1a1a1*h1a4a~	M242	CTS5804	M346	L54,ZK348	CTS11969	CTS856,M3	M848,M902,rs9785798	Y753	Z8028,Z5906	CTS4000,Y10_6793301	Z19523	Z5907	B39			
Q1b1a1a1*h1a4b1~	M242	CTS5804	M346	L54,ZK348	CTS11969	CTS856,M3	M848,M902,rs9785798	Y753	Z8028,Z5906	CTS4000,Y10_6793301	Z19523	Z5907	B40			
Q1b1a1a1*h1a4b2~	M242	CTS5804	M346	L54,ZK348	CTS11969	CTS856,M3	M848,M902,rs9785798	Y753	Z8028,Z5906	CTS4000,Y10_6793301	Z19523	Z5907	B41			
Q1b1a1a1*h1a4b3	M242	CTS5804	M346	L54,ZK348	CTS11969	CTS856,M3	M848,M902,rs9785798	Y753	Z8028,Z5906	CTS4000,Y10_6793301	Z19523	Z5907	Y10_21481526			
Q1b1a1a1*h1a4b3a	M242	CTS5804	M346	L54,ZK348	CTS11969	CTS856,M3	M848,M902,rs9785798	Y753	Z8028,Z5906	CTS4000,Y10_6793301	Z19523	Z5907	Y10_21481526	rs113915181,ZK679		
Q1b1a1a1*h1a4b3b	M242	CTS5804	M346	L54,ZK348	CTS11969	CTS856,M3	M848,M902,rs9785798	Y753	Z8028,Z5906	CTS4000,Y10_6793301	Z19523	Z5907	Y10_21481526	ZK283,ZK546		
Q1b1a1a1*h1a4b3b1	M242	CTS5804	M346	L54,ZK348	CTS11969	CTS856,M3	M848,M902,rs9785798	Y753	Z8028,Z5906	CTS4000,Y10_6793301	Z19523	Z5907	Y10_21481526	ZK283,ZK546	ZK120,ZK644	
Q1b1a1a1*h1a4b3b1a	M242	CTS5804	M346	L54,ZK348	CTS11969	CTS856,M3	M848,M902,rs9785798	Y753	Z8028,Z5906	CTS4000,Y10_6793301	Z19523	Z5907	Y10_21481526	ZK283,ZK546	ZK120,ZK644	ZK1129,ZK699
Q1b1a1a1*h1a4b3c	M242	CTS5804	M346	L54,ZK348	CTS11969	CTS856,M3	M848,M902,rs9785798	Y753	Z8028,Z5906	CTS4000,Y10_6793301	Z19523	Z5907	Y10_21481526	ZK816,ZK973,ZK212,ZK633,ZK142		
Q1b1a1a1*h1a4b4	M242	CTS5804	M346	L54,ZK348	CTS11969	CTS856,M3	M848,M902,rs9785798	Y753	Z8028,Z5906	CTS4000,Y10_6793301	Z19523	Z5907	ZK900,ZK547,ZK550			
Q1b1a1a1*h1a4b5	M242	CTS5804	M346	L54,ZK348	CTS11969	CTS856,M3	M848,M902,rs9785798	Y753	Z8028,Z5906	CTS4000,Y10_6793301	Z19523	Z5907	ZK518,ZK136			
Q1b1a1a1*h1a5	M242	CTS5804	M346	L54,ZK348	CTS11969	CTS856,M3	M848,M902,rs9785798	Y753	Z8028,Z5906	CTS4000,Y10_6793301	Z19523	ZK596,ZK63,gn_19050691				
Q1b1a1a1*h1a6	M242	CTS5804	M346	L54,ZK348	CTS11969	CTS856,M3	M848,M902,rs9785798	Y753	Z8028,Z5906	CTS4000,Y10_6793301	Z19523	Y166136				
Q1b1a1a1*h1a3~	M242	CTS5804	M346	L54,ZK348	CTS11969	CTS856,M3	M848,M902,rs9785798	Y753	Z8028,Z5906	CTS4000,Y10_6793301	Z19523	B36				
Q1b1a1a1*i	M242	CTS5804	M346	L54,ZK348	CTS11969	CTS856,M3	M848,M902,rs9785798	Y753	Z5908,B48							
Q1b1a1a1*i4	M242	CTS5804	M346	L54,ZK348	CTS11969	CTS856,M3	M848,M902,rs9785798	Y753	Z5908,B48	rs74981854						
Q1b1a1a1*i5	M242	CTS5804	M346	L54,ZK348	CTS11969	CTS856,M3	M848,M902,rs9785798	Y753	Z5908,B48	Y10_GMP51,ZK883,Y10_17203842,ZK929						
Q1b1a1a1*i5a	M242	CTS5804	M346	L54,ZK348	CTS11969	CTS856,M3	M848,M902,rs9785798	Y753	Z5908,B48	Y10_GMP51,ZK883,Y10_17203842,ZK929	ZK839,gn_17781168					
Q1b1a1a1*i5a1	M242	CTS5804	M346	L54,ZK348	CTS11969	CTS856,M3	M848,M902,rs9785798	Y753	Z5908,B48	Y10_GMP51,ZK883,Y10_17203842,ZK929	ZK839,gn_17781168	ZK76,ZK209,ZK281,ZK476,ZK496,ZK693,ZK750				
Q1b1a1a1*i5a1a	M242	CTS5804	M346	L54,ZK348	CTS11969	CTS856,M3	M848,M902,rs9785798	Y753	Z5908,B48	Y10_GMP51,ZK883,Y10_17203842,ZK929	ZK839,gn_17781168	ZK76,ZK209,ZK281,ZK476,ZK496,ZK693,ZK750	ZK54,ZK449,ZK525			
Q1b1a1a1*i1	M242	CTS5804	M346	L54,ZK348	CTS11969	CTS856,M3	M848,M902,rs9785798	Y753	Z5908,B48	Z19318						
Q1b1a1a1*i1c	M242	CTS5804	M346	L54,ZK348	CTS11969	CTS856,M3	M848,M902,rs9785798	Y753	Z5908,B48	Z19318	ZK201,ZK8,ZK42,ZK229,ZK564,gn_6852329,ZK598,ZK269,ZK276,ZK355,ZK132,ZK680,ZK328,ZK61,ZK416,ZK751,ZK879,ZK659,ZK123,ZK258					
Q1b1a1a1*i1a	M242	CTS5804	M346	L54,ZK348	CTS11969	CTS856,M3	M848,M902,rs9785798	Y753	Z5908,B48	Z19318	Y10_16212604					
Q1b1a1a1*i1a2	M242	CTS5804	M346	L54,ZK348	CTS11969	CTS856,M3	M848,M902,rs9785798	Y753	Z5908,B48	Z19318	Y10_16212604	Z5910				
Q1b1a1a1*i1a2a~	M242	CTS5804	M346	L54,ZK348	CTS11969	CTS856,M3	M848,M902,rs9785798	Y753	Z5908,B48	Z19318	Y10_16212604	Z5910	Z35921			
Q1b1a1a1*i1a2a1	M242	CTS5804	M346	L54,ZK348	CTS11969	CTS856,M3	M848,M902,rs9785798	Y753	Z5908,B48	Z19318	Y10_16212604	Z5910	Z35921	B49		
Q1b1a1a1*i1a2a2	M242	CTS5804	M346	L54,ZK348	CTS11969	CTS856,M3	M848,M902,rs9785798	Y753	Z5908,B48	Z19318	Y10_16212604	Z5910	Z35921	ZK1238,ZK1247,rs72625387,ZK894,ZK34,ZK904,ZK975,ZK999,ZK247,ZK1040,ZK321,ZK1042,ZK1073,ZK1086,ZK477,ZK1115,ZK536,ZK597,ZK599,ZK606,ZK1154,ZK959,ZK1166,ZK1169,ZK1173,ZK1175,ZK656,ZK134,ZK1193,ZK962,ZK1222,ZK964		
Q1b1a1a1*i1a2a2a	M242	CTS5804	M346	L54,ZK348	CTS11969	CTS856,M3	M848,M902,rs9785798	Y753	Z5908,B48	Z19318	Y10_16212604	Z5910	Z35921	ZK1238,ZK1247,rs72625387,ZK894,ZK34,ZK904,ZK975,ZK999,ZK247,ZK1040,ZK321,ZK1042,ZK1073,ZK1086,ZK477,ZK1115,ZK536,ZK597,ZK599,ZK606,ZK1154,ZK959,ZK1166,ZK1169,ZK1173,ZK1175,ZK656,ZK134,ZK1193,ZK962,ZK1222,ZK964	ZK814,ZK857,ZK312,gn_21101762	
Q1b1a1a1*i1a1	M242	CTS5804	M346	L54,ZK348	CTS11969	CTS856,M3	M848,M902,rs9785798	Y753	Z5908,B48	Z19318	Y10_16212604	Z5910	Y10_8145108,Z19326			
Q1b1a1a1*i1a1a	M242	CTS5804	M346	L54,ZK348	CTS11969	CTS856,M3	M848,M902,rs9785798	Y753	Z5908,B48	Z19318	Y10_16212604	Z5910	Y10_8145108,Z19326	Z19339		
Q1b1a1a1*i1a1a1~	M242	CTS5804	M346	L54,ZK348	CTS11969	CTS856,M3	M848,M902,rs9785798	Y753	Z5908,B48	Z19318	Y10_16212604	Z5910	Y10_8145108,Z19326	Z19339	Z35900	
Q1b1a1a1*i1a1a1a	M242	CTS5804	M346	L54,ZK348	CTS11969	CTS856,M3	M848,M902,rs9785798	Y753	Z5908,B48	Z19318	Y10_16212604	Z5910	Y10_8145108,Z19326	Z19339	Z35900	ZK46,ZK167,ZK252,ZK951,ZK539,ZK784
Q1b1a1a1*i2~	M242	CTS5804	M346	L54,ZK348	CTS11969	CTS856,M3	M848,M902,rs9785798	Y753	Z5908,B48	B50,Z35616						
Q1b1a1a1*i2a	M242	CTS5804	M346	L54,ZK348	CTS11969	CTS856,M3	M848,M902,rs9785798	Y753	Z5908,B48	B50,Z35616	Z35615					
Q1b1a1a1*i2b	M242	CTS5804	M346	L54,ZK348	CTS11969	CTS856,M3	M848,M902,rs9785798	Y753	Z5908,B48	B50,Z35616	Y1_rs779825282					
Q1b1a1a1*y	M242	CTS5804	M346	L54,ZK348	CTS11969	CTS856,M3	M848,M902,rs9785798	Y753	ZK313							
Q1b1a1a1*y1	M242	CTS5804	M346	L54,ZK348	CTS11969	CTS856,M3	M848,M902,rs9785798	Y753	ZK313	ZK810,ZK168,ZK195,ZK223,ZK231,ZK234,ZK262,ZK296,ZK298,ZK362,ZK366,ZK400,ZK409,ZK420,gn_18258631,ZK500,ZK540,ZK585,ZK586,ZK129,ZK686,ZK718,ZK758,ZK765						
Q1b1a1a1*y1a	M242	CTS5804	M346	L54,ZK348	CTS11969	CTS856,M3	M848,M902,rs9785798	Y753	ZK313	ZK810,ZK168,ZK195,ZK223,ZK231,ZK234,ZK262,ZK296,ZK298,ZK362,ZK366,ZK400,ZK409,ZK420,gn_18258631,ZK500,ZK540,ZK585,ZK586,ZK129,ZK686,ZK718,ZK758,ZK765	ZK855,ZK21,ZK177,ZK271,ZK365,ZK376,ZK402,ZK448,Y1_17922077,ZK461,ZK510,ZK580,ZK608,ZK615,ZK617,ZK668,ZK694,ZK714,ZK740,ZK143,ZK769,ZK778,ZK94					
Q1b1a1a1*y1a1	M242	CTS5804	M346	L54,ZK348	CTS11969	CTS856,M3	M848,M902,rs9785798	Y753	ZK313	ZK810,ZK168,ZK195,ZK223,ZK231,ZK234,ZK262,ZK296,ZK298,ZK362,ZK366,ZK400,ZK409,ZK420,gn_18258631,ZK500,ZK540,ZK585,ZK586,ZK129,ZK686,ZK718,ZK758,ZK765	ZK855,ZK21,ZK177,ZK271,ZK365,ZK376,ZK402,ZK448,Y1_17922077,ZK461,ZK510,ZK580,ZK608,ZK615,ZK617,ZK668,ZK694,ZK714,ZK740,ZK143,ZK769,ZK778,ZK94	ZK803,ZK284,ZK349,Y1_17917401				
Q1b1a1a1*j	M242	CTS5804	M346	L54,ZK348	CTS11969	CTS856,M3	M848,M902,rs9785798	Y753	Z19367							
Q1b1a1a1*j3	M242	CTS5804	M346	L54,ZK348	CTS11969	CTS856,M3	M848,M902,rs9785798	Y753	Z19367	Y1_15747422						
Q1b1a1a1*j4	M242	CTS5804	M346	L54,ZK348	CTS11969	CTS856,M3	M848,M902,rs9785798	Y753	Z19367	ZK832,ZK5,ZK11,ZK877,rs1214459974,ZK934,ZK937,ZK222,ZK995,ZK257,ZK299,ZK303,ZK99,ZK346,ZK1056,ZK369,ZK108,ZK1076,ZK1084,ZK533,ZK1125,ZK1138,ZK636,ZK1195,ZK710,ZK1210,ZK733,ZK771						
Q1b1a1a1*j5	M242	CTS5804	M346	L54,ZK348	CTS11969	CTS856,M3	M848,M902,rs9785798	Y753	Z19367	Y1_22797693						
Q1b1a1a1*j1	M242	CTS5804	M346	L54,ZK348	CTS11969	CTS856,M3	M848,M902,rs9785798	Y753	Z19367	Y10_13909667,Z5913,Y779						
Q1b1a1a1*j1a	M242	CTS5804	M346	L54,ZK348	CTS11969	CTS856,M3	M848,M902,rs9785798	Y753	Z19367	Y10_13909667,Z5913,Y779	Z5914,Y10_9000903					
Q1b1a1a1*k	M242	CTS5804	M346	L54,ZK348	CTS11969	CTS856,M3	M848,M902,rs9785798	Y753	Z19432							
Q1b1a1a1*k1	M242	CTS5804	M346	L54,ZK348	CTS11969	CTS856,M3	M848,M902,rs9785798	Y753	Z19432	Z6658						
Q1b1a1a1*k1a	M242	CTS5804	M346	L54,ZK348	CTS11969	CTS856,M3	M848,M902,rs9785798	Y753	Z19432	Z6658	Z19436					
Q1b1a1a1*k1c	M242	CTS5804	M346	L54,ZK348	CTS11969	CTS856,M3	M848,M902,rs9785798	Y753	Z19432	Z6658	Y22391					
Q1b1a1a1*k1d	M242	CTS5804	M346	L54,ZK348	CTS11969	CTS856,M3	M848,M902,rs9785798	Y753	Z19432	Z6658	rs546824712					
Q1b1a1a1*k1e	M242	CTS5804	M346	L54,ZK348	CTS11969	CTS856,M3	M848,M902,rs9785798	Y753	Z19432	Z6658	Y1_16850724					
Q1b1a1a1*k1f	M242	CTS5804	M346	L54,ZK348	CTS11969	CTS856,M3	M848,M902,rs9785798	Y753	Z19432	Z6658	Y1_rs757579581					
Q1b1a1a1*k5	M242	CTS5804	M346	L54,ZK348	CTS11969	CTS856,M3	M848,M902,rs9785798	Y753	Z19432	BZ3407,BZ3401						
Q1b1a1a1*k3	M242	CTS5804	M346	L54,ZK348	CTS11969	CTS856,M3	M848,M902,rs9785798	Y753	Z19432	Y1_7192964						
Q1b1a1a1*k3a	M242	CTS5804	M346	L54,ZK348	CTS11969	CTS856,M3	M848,M902,rs9785798	Y753	Z19432	Y1_7192964	BY65986					
Q1b1a1a1*k3a1	M242	CTS5804	M346	L54,ZK348	CTS11969	CTS856,M3	M848,M902,rs9785798	Y753	Z19432	Y1_7192964	BY65986	Y202492				
Q1b1a1a1*k3a2	M242	CTS5804	M346	L54,ZK348	CTS11969	CTS856,M3	M848,M902,rs9785798	Y753	Z19432	Y1_7192964	BY65986	Y10_23296971,B46,ZK100				
Q1b1a1a1*k3a2a	M242	CTS5804	M346	L54,ZK348	CTS11969	CTS856,M3	M848,M902,rs9785798	Y753	Z19432	Y1_7192964	BY65986	Y10_23296971,B46,ZK100	Y10_GMP21			
Q1b1a1a1*k3a2b	M242	CTS5804	M346	L54,ZK348	CTS11969	CTS856,M3	M848,M902,rs9785798	Y753	Z19432	Y1_7192964	BY65986	Y10_23296971,B46,ZK100	ZK19			
Q1b1a1a1*k3a2b1	M242	CTS5804	M346	L54,ZK348	CTS11969	CTS856,M3	M848,M902,rs9785798	Y753	Z19432	Y1_7192964	BY65986	Y10_23296971,B46,ZK100	ZK19	ZK876,ZK25,ZK334,ZK335,ZK354,ZK103,ZK377,ZK437,ZK442,ZK115,ZK507,ZK537,ZK628,ZK688,ZK715,ZK727,ZK744		
Q1b1a1a1*k4	M242	CTS5804	M346	L54,ZK348	CTS11969	CTS856,M3	M848,M902,rs9785798	Y753	Z19432	gn_21735046						
Q1b1a1a1*k4a	M242	CTS5804	M346	L54,ZK348	CTS11969	CTS856,M3	M848,M902,rs9785798	Y753	Z19432	gn_21735046	Y152500,ZK869,ZK912,ZK919,ZK1032,ZK343,ZK344,ZK952,ZK505,ZK1178,ZK1179,ZK689,ZK1199,ZK735					
Q1b1a1a1*k4a1	M242	CTS5804	M346	L54,ZK348	CTS11969	CTS856,M3	M848,M902,rs9785798	Y753	Z19432	gn_21735046	Y152500,ZK869,ZK912,ZK919,ZK1032,ZK343,ZK344,ZK952,ZK505,ZK1178,ZK1179,ZK689,ZK1199,ZK735	ZK1261,ZK162,ZK171,ZK197,ZK415,ZK429,ZK443,ZK1103,ZK643,ZK1174,gn_16923455				
Q1b1a1a1*k4a2	M242	CTS5804	M346	L54,ZK348	CTS11969	CTS856,M3	M848,M902,rs9785798	Y753	Z19432	gn_21735046	Y152500,ZK869,ZK912,ZK919,ZK1032,ZK343,ZK344,ZK952,ZK505,ZK1178,ZK1179,ZK689,ZK1199,ZK735	Y1_rs939525090				
Q1b1a1a1*l	M242	CTS5804	M346	L54,ZK348	CTS11969	CTS856,M3	M848,M902,rs9785798	Y753	SK281							
Q1b1a1a1*l1~	M242	CTS5804	M346	L54,ZK348	CTS11969	CTS856,M3	M848,M902,rs9785798	Y753	SK281	Z35727,Y166704,Y10_8747029						
Q1b1a1a1*m	M242	CTS5804	M346	L54,ZK348	CTS11969	CTS856,M3	M848,M902,rs9785798	Y753	CTS2731							
Q1b1a1a1*m3	M242	CTS5804	M346	L54,ZK348	CTS11969	CTS856,M3	M848,M902,rs9785798	Y753	CTS2731	Y60256						
Q1b1a1a1*m2~	M242	CTS5804	M346	L54,ZK348	CTS11969	CTS856,M3	M848,M902,rs9785798	Y753	CTS2731	CTS8571						
Q1b1a1a1*m2b~	M242	CTS5804	M346	L54,ZK348	CTS11969	CTS856,M3	M848,M902,rs9785798	Y753	CTS2731	CTS8571	Y26467					
Q1b1a1a1*n~	M242	CTS5804	M346	L54,ZK348	CTS11969	CTS856,M3	M848,M902,rs9785798	Y753	Y27993,Y27992,Y27994,ZK940							
Q1b1a1a1*n2	M242	CTS5804	M346	L54,ZK348	CTS11969	CTS856,M3	M848,M902,rs9785798	Y753	Y27993,Y27992,Y27994,ZK940	ZK926,ZK1245,ZK1253,ZK1259,ZK1263,ZK1280,Y1_rs1603040369,ZK907,ZK74,ZK188,ZK1028,ZK1041,ZK1057,ZK1094,ZK954,ZK1164,ZK1180						
Q1b1a1a1*n2a	M242	CTS5804	M346	L54,ZK348	CTS11969	CTS856,M3	M848,M902,rs9785798	Y753	Y27993,Y27992,Y27994,ZK940	ZK926,ZK1245,ZK1253,ZK1259,ZK1263,ZK1280,Y1_rs1603040369,ZK907,ZK74,ZK188,ZK1028,ZK1041,ZK1057,ZK1094,ZK954,ZK1164,ZK1180	ZK1126,Y1_rs1603557500					
Q1b1a1a1*n2a1	M242	CTS5804	M346	L54,ZK348	CTS11969	CTS856,M3	M848,M902,rs9785798	Y753	Y27993,Y27992,Y27994,ZK940	ZK926,ZK1245,ZK1253,ZK1259,ZK1263,ZK1280,Y1_rs1603040369,ZK907,ZK74,ZK188,ZK1028,ZK1041,ZK1057,ZK1094,ZK954,ZK1164,ZK1180	ZK1126,Y1_rs1603557500	ZK174,ZK1038,ZK1088				
Q1b1a1a1*n2a1a	M242	CTS5804	M346	L54,ZK348	CTS11969	CTS856,M3	M848,M902,rs9785798	Y753	Y27993,Y27992,Y27994,ZK940	ZK926,ZK1245,ZK1253,ZK1259,ZK1263,ZK1280,Y1_rs1603040369,ZK907,ZK74,ZK188,ZK1028,ZK1041,ZK1057,ZK1094,ZK954,ZK1164,ZK1180	ZK1126,Y1_rs1603557500	ZK174,ZK1038,ZK1088	rs200778010			
Q1b1a1a1*n2a1b	M242	CTS5804	M346	L54,ZK348	CTS11969	CTS856,M3	M848,M902,rs9785798	Y753	Y27993,Y27992,Y27994,ZK940	ZK926,ZK1245,ZK1253,ZK1259,ZK1263,ZK1280,Y1_rs1603040369,ZK907,ZK74,ZK188,ZK1028,ZK1041,ZK1057,ZK1094,ZK954,ZK1164,ZK1180	ZK1126,Y1_rs1603557500	ZK174,ZK1038,ZK1088	ZK835			
Q1b1a1a1*n2a1c	M242	CTS5804	M346	L54,ZK348	CTS11969	CTS856,M3	M848,M902,rs9785798	Y753	Y27993,Y27992,Y27994,ZK940	ZK926,ZK1245,ZK1253,ZK1259,ZK1263,ZK1280,Y1_rs1603040369,ZK907,ZK74,ZK188,ZK1028,ZK1041,ZK1057,ZK1094,ZK954,ZK1164,ZK1180	ZK1126,Y1_rs1603557500	ZK174,ZK1038,ZK1088	ZK1079,ZK506			
Q1b1a1a1*n3	M242	CTS5804	M346	L54,ZK348	CTS11969	CTS856,M3	M848,M902,rs9785798	Y753	Y27993,Y27992,Y27994,ZK940	Y1_23473227,Y1_15026427,Y1_14125686						
Q1b1a1a1a	M242	CTS5804	M346	L54,ZK348	CTS11969	CTS856,M3	M848,M902,rs9785798	M19								
Q1b1a1a1b	M242	CTS5804	M346	L54,ZK348	CTS11969	CTS856,M3	M848,M902,rs9785798	M194								
Q1b1a1a1c	M242	CTS5804	M346	L54,ZK348	CTS11969	CTS856,M3	M848,M902,rs9785798	M199,P106								
Q1b1a1a1d	M242	CTS5804	M346	L54,ZK348	CTS11969	CTS856,M3	M848,M902,rs9785798	SA01								
Q1b1a1a1g~	M242	CTS5804	M346	L54,ZK348	CTS11969	CTS856,M3	M848,M902,rs9785798	Z35901,Z35902								
Q1b1a1a1o~	M242	CTS5804	M346	L54,ZK348	CTS11969	CTS856,M3	M848,M902,rs9785798	CTS133,CTS228								
Q1b1a1a1q~	M242	CTS5804	M346	L54,ZK348	CTS11969	CTS856,M3	M848,M902,rs9785798	Z35706,Z35707								
Q1b1a1a1r~	M242	CTS5804	M346	L54,ZK348	CTS11969	CTS856,M3	M848,M902,rs9785798	CTS752,CTS44								
Q1b1a1a1s~	M242	CTS5804	M346	L54,ZK348	CTS11969	CTS856,M3	M848,M902,rs9785798	Z35739,Z35738								
Q1b1a1a1s1	M242	CTS5804	M346	L54,ZK348	CTS11969	CTS856,M3	M848,M902,rs9785798	Z35739,Z35738	Y1_22752662							
Q1b1a1a1s2	M242	CTS5804	M346	L54,ZK348	CTS11969	CTS856,M3	M848,M902,rs9785798	Z35739,Z35738	Y10_21562790							
Q1b1a1a1t	M242	CTS5804	M346	L54,ZK348	CTS11969	CTS856,M3	M848,M902,rs9785798	rs748653011								
Q1b1a1a1t1	M242	CTS5804	M346	L54,ZK348	CTS11969	CTS856,M3	M848,M902,rs9785798	rs748653011	Z35742,ZK933,Y1_15508183							
Q1b1a1a1t1a	M242	CTS5804	M346	L54,ZK348	CTS11969	CTS856,M3	M848,M902,rs9785798	rs748653011	Z35742,ZK933,Y1_15508183	ZK793,ZK157,ZK318,ZK336,ZK467,gn_19364458,ZK623,Y1_22505875						
Q1b1a1a1t1a1	M242	CTS5804	M346	L54,ZK348	CTS11969	CTS856,M3	M848,M902,rs9785798	rs748653011	Z35742,ZK933,Y1_15508183	ZK793,ZK157,ZK318,ZK336,ZK467,gn_19364458,ZK623,Y1_22505875	ZK293					
Q1b1a1a1t1a1a	M242	CTS5804	M346	L54,ZK348	CTS11969	CTS856,M3	M848,M902,rs9785798	rs748653011	Z35742,ZK933,Y1_15508183	ZK793,ZK157,ZK318,ZK336,ZK467,gn_19364458,ZK623,Y1_22505875	ZK293	ZK838,ZK15,ZK27,ZK64,ZK65,ZK71,ZK228,ZK236,ZK101,ZK453,ZK488,ZK593,ZK691,ZK702,ZK782				
Q1b1a1a1t1b	M242	CTS5804	M346	L54,ZK348	CTS11969	CTS856,M3	M848,M902,rs9785798	rs748653011	Z35742,ZK933,Y1_15508183	ZK1198,ZK731						
Q1b1a1a1t1b1	M242	CTS5804	M346	L54,ZK348	CTS11969	CTS856,M3	M848,M902,rs9785798	rs748653011	Z35742,ZK933,Y1_15508183	ZK1198,ZK731	rs1007058453,Z35743,ZK66,ZK70,ZK272,ZK368,ZK1207,ZK320,ZK629,ZK191,ZK828					
Q1b1a1a1t1b1a	M242	CTS5804	M346	L54,ZK348	CTS11969	CTS856,M3	M848,M902,rs9785798	rs748653011	Z35742,ZK933,Y1_15508183	ZK1198,ZK731	rs1007058453,Z35743,ZK66,ZK70,ZK272,ZK368,ZK1207,ZK320,ZK629,ZK191,ZK828	ZK444				
Q1b1a1a1t1b1a1	M242	CTS5804	M346	L54,ZK348	CTS11969	CTS856,M3	M848,M902,rs9785798	rs748653011	Z35742,ZK933,Y1_15508183	ZK1198,ZK731	rs1007058453,Z35743,ZK66,ZK70,ZK272,ZK368,ZK1207,ZK320,ZK629,ZK191,ZK828	ZK444	ZK403			
Q1b1a1a1t1c	M242	CTS5804	M346	L54,ZK348	CTS11969	CTS856,M3	M848,M902,rs9785798	rs748653011	Z35742,ZK933,Y1_15508183	ZK802,ZK809,ZK843,ZK854,ZK887,gn_6776946,ZK78,ZK81,ZK176,ZK204,ZK213,ZK233,ZK85,ZK297,ZK325,ZK339,ZK357,ZK106,ZK393,ZK1075,ZK414,ZK454,ZK554,ZK565,ZK122,ZK594,ZK612,ZK673,ZK675,ZK704,ZK716,ZK717,ZK754,ZK786,ZK423,ZK165						
Q1b1a1a1t1c1	M242	CTS5804	M346	L54,ZK348	CTS11969	CTS856,M3	M848,M902,rs9785798	rs748653011	Z35742,ZK933,Y1_15508183	ZK802,ZK809,ZK843,ZK854,ZK887,gn_6776946,ZK78,ZK81,ZK176,ZK204,ZK213,ZK233,ZK85,ZK297,ZK325,ZK339,ZK357,ZK106,ZK393,ZK1075,ZK414,ZK454,ZK554,ZK565,ZK122,ZK594,ZK612,ZK673,ZK675,ZK704,ZK716,ZK717,ZK754,ZK786,ZK423,ZK165	ZK797,ZK844,ZK863,ZK16,ZK235,ZK436,ZK466,ZK513,Y1_19179327,ZK577,ZK584,ZK1158,ZK649,ZK663,ZK681,Y1_22505832,ZK730,ZK732,ZK773					
Q1b1a1a1t2	M242	CTS5804	M346	L54,ZK348	CTS11969	CTS856,M3	M848,M902,rs9785798	rs748653011	ZK523,ZK878,ZK653,ZK205,ZK184							
Q1b1a1a1t3	M242	CTS5804	M346	L54,ZK348	CTS11969	CTS856,M3	M848,M902,rs9785798	rs748653011	gn_14169337,ZK1074							
Q1b1a1a1u~	M242	CTS5804	M346	L54,ZK348	CTS11969	CTS856,M3	M848,M902,rs9785798	Z35747,Z35748								
Q1b1a1a1w~	M242	CTS5804	M346	L54,ZK348	CTS11969	CTS856,M3	M848,M902,rs9785798	A1211,A1214								
Q1b1a1a2	M242	CTS5804	M346	L54,ZK348	CTS11969	CTS856,M3	Y4276									
Q1b1a1a2c	M242	CTS5804	M346	L54,ZK348	CTS11969	CTS856,M3	Y4276	YP4799								
Q1b1a1a2d	M242	CTS5804	M346	L54,ZK348	CTS11969	CTS856,M3	Y4276	ZK798,ZK149,ZK966,ZK1,ZK2,ZK1270,ZK852,ZK1285,ZK48,ZK60,ZK915,ZK921,ZK935,ZK203,ZK990,ZK230,ZK1001,ZK256,ZK97,ZK1071,ZK109,ZK411,ZK450,ZK1092,ZK480,ZK485,ZK489,ZK499,ZK1111,ZK541,ZK601,ZK602,ZK610,ZK126,ZK960,ZK639,rs777579690,ZK654,ZK1185,ZK1188,ZK1208,ZK1214,ZK762,ZK1220,ZK788,ZK392,ZK242								
Q1b1a1a2d1	M242	CTS5804	M346	L54,ZK348	CTS11969	CTS856,M3	Y4276	ZK798,ZK149,ZK966,ZK1,ZK2,ZK1270,ZK852,ZK1285,ZK48,ZK60,ZK915,ZK921,ZK935,ZK203,ZK990,ZK230,ZK1001,ZK256,ZK97,ZK1071,ZK109,ZK411,ZK450,ZK1092,ZK480,ZK485,ZK489,ZK499,ZK1111,ZK541,ZK601,ZK602,ZK610,ZK126,ZK960,ZK639,rs777579690,ZK654,ZK1185,ZK1188,ZK1208,ZK1214,ZK762,ZK1220,ZK788,ZK392,ZK242	ZK353,ZK137							
Q1b1a1a2b1~	M242	CTS5804	M346	L54,ZK348	CTS11969	CTS856,M3	Y4276	Y18423								
Q1b1a1a2b2~	M242	CTS5804	M346	L54,ZK348	CTS11969	CTS856,M3	Y4276	Y4287								
Q1b1a1a3	M242	CTS5804	M346	L54,ZK348	CTS11969	CTS856,M3	Y1_2657313									
Q1b1a1b	M242	CTS5804	M346	L54,ZK348	CTS11969	L805										
Q1b1a2	M242	CTS5804	M346	L54,ZK348	Y10_GMP10,Z780,Z789,Z789											
Q1b1a2a~	M242	CTS5804	M346	L54,ZK348	Y10_GMP10,Z780,Z789,Z789	Z781										
Q1b1a2a1a1	M242	CTS5804	M346	L54,ZK348	Y10_GMP10,Z780,Z789,Z789	Z781	L569									
Q1b1a2a1a1a1~	M242	CTS5804	M346	L54,ZK348	Y10_GMP10,Z780,Z789,Z789	Z781	L569	Z778								
Q1b1a2a1b	M242	CTS5804	M346	L54,ZK348	Y10_GMP10,Z780,Z789,Z789	Z781	Z782									
Q1b1a2a2	M242	CTS5804	M346	L54,ZK348	Y10_GMP10,Z780,Z789,Z789	Z781	YP910									
Q1b1a2a2a3~	M242	CTS5804	M346	L54,ZK348	Y10_GMP10,Z780,Z789,Z789	Z781	YP910	YP1111								
Q1b1a2a3~	M242	CTS5804	M346	L54,ZK348	Y10_GMP10,Z780,Z789,Z789	Z781	YP937									
Q1b1a2a3b	M242	CTS5804	M346	L54,ZK348	Y10_GMP10,Z780,Z789,Z789	Z781	YP937	rs753030204								
Q1b1a2a3c	M242	CTS5804	M346	L54,ZK348	Y10_GMP10,Z780,Z789,Z789	Z781	YP937	Y10_GMP73,Y10_GMP74								
Q1b1a2a3a~	M242	CTS5804	M346	L54,ZK348	Y10_GMP10,Z780,Z789,Z789	Z781	YP937	YP919								
Q1b1a2a3a1~	M242	CTS5804	M346	L54,ZK348	Y10_GMP10,Z780,Z789,Z789	Z781	YP937	YP919	YP929							
Q1b1a2a3a1b	M242	CTS5804	M346	L54,ZK348	Y10_GMP10,Z780,Z789,Z789	Z781	YP937	YP919	YP929	BZ1021						
Q1b1a2a3a1b1	M242	CTS5804	M346	L54,ZK348	Y10_GMP10,Z780,Z789,Z789	Z781	YP937	YP919	YP929	BZ1021	Y165189					
Q1b1a2a3a1c	M242	CTS5804	M346	L54,ZK348	Y10_GMP10,Z780,Z789,Z789	Z781	YP937	YP919	YP929	ZK916						
Q1b1a2b~	M242	CTS5804	M346	L54,ZK348	Y10_GMP10,Z780,Z789,Z789	FGC47532										
Q1b1a2b1	M242	CTS5804	M346	L54,ZK348	Y10_GMP10,Z780,Z789,Z789	FGC47532	Y15697									
Q1b1a2b2	M242	CTS5804	M346	L54,ZK348	Y10_GMP10,Z780,Z789,Z789	FGC47532	BY15718									
Q1b1a2b2a	M242	CTS5804	M346	L54,ZK348	Y10_GMP10,Z780,Z789,Z789	FGC47532	BY15718	Y166446								
Q1b1a2b3	M242	CTS5804	M346	L54,ZK348	Y10_GMP10,Z780,Z789,Z789	FGC47532	ZK1233,ZK1252,Y129719,ZK1265,ZK1279,SA02,ZK1077,ZK950,ZK1196,ZK1197,ZK1211,ZK1224,ZK1225									
Q1b1a2b3a	M242	CTS5804	M346	L54,ZK348	Y10_GMP10,Z780,Z789,Z789	FGC47532	ZK1233,ZK1252,Y129719,ZK1265,ZK1279,SA02,ZK1077,ZK950,ZK1196,ZK1197,ZK1211,ZK1224,ZK1225	ZK1281,ZK944,ZK1050,ZK1122,ZK1148,ZK1218								
Q1b1a2b3a1	M242	CTS5804	M346	L54,ZK348	Y10_GMP10,Z780,Z789,Z789	FGC47532	ZK1233,ZK1252,Y129719,ZK1265,ZK1279,SA02,ZK1077,ZK950,ZK1196,ZK1197,ZK1211,ZK1224,ZK1225	ZK1281,ZK944,ZK1050,ZK1122,ZK1148,ZK1218	ZK388,ZK587							
Q1b1a2b3a2	M242	CTS5804	M346	L54,ZK348	Y10_GMP10,Z780,Z789,Z789	FGC47532	ZK1233,ZK1252,Y129719,ZK1265,ZK1279,SA02,ZK1077,ZK950,ZK1196,ZK1197,ZK1211,ZK1224,ZK1225	ZK1281,ZK944,ZK1050,ZK1122,ZK1148,ZK1218	gn_22639039							
Q1b1a2b3a2a	M242	CTS5804	M346	L54,ZK348	Y10_GMP10,Z780,Z789,Z789	FGC47532	ZK1233,ZK1252,Y129719,ZK1265,ZK1279,SA02,ZK1077,ZK950,ZK1196,ZK1197,ZK1211,ZK1224,ZK1225	ZK1281,ZK944,ZK1050,ZK1122,ZK1148,ZK1218	gn_22639039	ZK1255,ZK968,ZK1291,ZK988,ZK1015,ZK1023,ZK1031,ZK1150,ZK1172,ZK776,ZK1226						
Q1b1a2b3a2b	M242	CTS5804	M346	L54,ZK348	Y10_GMP10,Z780,Z789,Z789	FGC47532	ZK1233,ZK1252,Y129719,ZK1265,ZK1279,SA02,ZK1077,ZK950,ZK1196,ZK1197,ZK1211,ZK1224,ZK1225	ZK1281,ZK944,ZK1050,ZK1122,ZK1148,ZK1218	gn_22639039	ZK1107,gn_22725139,ZK787						
Q1b1a2b3b	M242	CTS5804	M346	L54,ZK348	Y10_GMP10,Z780,Z789,Z789	FGC47532	ZK1233,ZK1252,Y129719,ZK1265,ZK1279,SA02,ZK1077,ZK950,ZK1196,ZK1197,ZK1211,ZK1224,ZK1225	Y128058,ZK837								
Q1b1a3	M242	CTS5804	M346	L54,ZK348	L330,L334,Y11_MPB432											
Q1b1a3b	M242	CTS5804	M346	L54,ZK348	L330,L334,Y11_MPB432	B287										
Q1b2a	M242	CTS5804	M346	Z19240												
Q1b2a2~	M242	CTS5804	M346	Z19240	Z36057											
Q1b2b~	M242	CTS5804	M346	F835												
Q1b2b1~	M242	CTS5804	M346	F835	FGC6816											
Q1b2b1a~	M242	CTS5804	M346	F835	FGC6816	FGC6925										
Q1b2b1a2e2a~	M242	CTS5804	M346	F835	FGC6816	FGC6925	YP4799									
Q1b2b1b2b2a~	M242	CTS5804	M346	F835	FGC6816	BZ1461										
Q2	M242	L275														
Q2a1	M242	L275	L214													
Q2a1a	M242	L275	L214	L245^^												
Q2a1a1	M242	L275	L214	L245^^	ZK182,ZK1052											