marker	GRCh37	GRCh38	Anc	Der	Hg	T2T
B49	2656944	2788903	C	T	Q	2465743
Y1_2657313	2657313	2789272	A	C	Q	
ZK1	2658297	2790256	G	T	Q	2467096
Z35615	2667728	2799687	G	A	Q	2476527
CTS44	2685134	2817093	C	T	Q	2493933
YP910	2696130	2828089	T	C	Q	2504920
Z5914	2699718	2831677	G	A	Q	2508508
Y18423	2704491	2836450	G	A	Q	
Z5906	2723295	2855254	A	C	Q	2532086
ZK2	2725427	2857386	G	C	Q	2534218
ZK3	2736256	2868215	A	C	Q	2545047
ZK4	2739629	2871588	G	C	Q	2548420
Y1_2745592	2745592	2877551	T	C	Q	
Y10_GMP34	2749149	2881108	C	T	Q	
ZK5	2749436	2881395	T	G	Q	2558228
B46	2752041	2884000	A	T	Q	2560833
CTS133	2752795	2884754	T	C	Q	2561587
Z35715	2754187	2886146	C	T	Q	2562979
ZK6	2754983	2886942	C	G	Q	2563775
ZK7	2755674	2887633	G	C	Q	2564466
Z35747	2776470	2908429	A	G	Q	2585617
ZK8	2777243	2909202	C	G	Q	2586390
Y60256	2778186	2910145	T	C	Q	2587333
ZK9	2778491	2910450	A	C	Q	2587638
Y1_2790661	2790661	2922620	G	C	Q	
ZK884	2794282	2926241	C	T	Q	2603424
ZK10	2797939	2929898	G	A	Q	2607081
rs1007058453	2800143	2932102	G	A	Q	2609284
ZK11	2818627	2950586	G	C	Q	2627749
ZK885	2821312	2953271	T	G	Q	2630434
ZK12	2823201	2955160	A	G	Q	2632323
Z36057	2825683	2957642	T	C	Q	2634804
rs72625387	2829444	2961403	A	G	Q	2638565
CTS228	2830439	2962398	C	G	Q	2639560
ZK13	2837010	2968969	C	G	Q	2646131
ZK14	2845426	2977385	T	C	Q	2654547
ZK15	2865000	2996959	G	A	Q	2674121
ZK887	2866854	2998813	A	G	Q	2675975
ZK16	2871750	3003709	T	C	Q	2680871
ZK17	2871757	3003716	C	T	Q	2680878
ZK888	2875178	3007137	C	A	Q	2684299
ZK18	2878050	3010009	C	A	Q	2687171
ZK19	2878432	3010391	G	A	Q	2687553
B47	2879778	3011737	C	T	Q	2688899
ZK20	2882209	3014168	C	T	Q	2691330
Z35901	2883760	3015719	T	C	Q	2692881
Z35706	2885774	3017733	T	G	Q	2694895
M346	2887156	3019115	C	G	Q	2696277
Y10_2887197	2887197	3019156	A	G	Q	2696318
NWT01	2888083	3020042	C	G	Q	2697204
Y1_2888215	2888215	3020174	G	C	Q	
ZK21	2890586	3022545	C	G	Q	2699708
ZK22	2894086	3026045	G	A	Q	2703208
Y26467	2902697	3034656	T	C	Q	2711819
ZK23	2906535	3038494	C	A	Q	2715645
Y1_3436679	3436679	3568638	G	T	Q	
Y1_4925631	4925631	5057590	A	G	Q	
Y1_rs4252209	4925637	5057596	G	T	Q	4737126
L245^^	5675090	5807049	C	G	Q	5487071
ZK890	6618737	6750696	G	T	Q	6403012
ZK24	6628740	6760699	A	G	Q	6413015
ZK25	6629232	6761191	T	C	Q	6413507
Y10_GMP41	6631920	6763879	A	T	Q	6416196
ZK26	6633449	6765408	T	C	Q	6417725
ZK891	6645937	6777896	C	T	Q	6430213
Z35707	6656860	6788819	A	G	Q	6441136
ZK27	6657862	6789821	T	C	Q	6442138
ZK28	6659537	6791496	C	T	Q	6443813
ZK892	6664123	6796082	T	C	Q	6448399
ZK29	6664760	6796719	T	C	Q	6449036
ZK893	6668970	6800929	T	C	Q	6453246
Z5908	6675536	6807495	T	C	Q	6459812
ZK30	6690357	6822316	G	A	Q	6474639
ZK894	6696013	6827972	A	G	Q	6480295
ZK31	6703485	6835444	C	T	Q	6487767
ZK32	6716389	6848348	G	T	Q	6500671
ZK895	6731832	6863791	C	G	Q	6516115
Y1_rs779825282	6736155	6868114	G	A	Q	6520439
Y11_MPB139	6752837	6884796	T	C	Q	6537122
ZK33	6754680	6886639	A	G	Q	6538965
Z35742	6758908	6890867	A	G	Q	6543194
ZK34	6760279	6892238	A	T	Q	6544565
ZK35	6770044	6902003	C	T	Q	6554331
ZK36	6773291	6905250	C	A	Q	6557578
ZK896	6774250	6906209	T	C	Q	6558537
gn_6776946	6776946	6908905	C	T	Q	6561233
CTS479	6777980	6909939	G	C	Q	6562267
B287	6786630	6918589	T	A	Q	6570917
Y10_6793301	6793301	6925260	T	C	Q	
ZK37	6811645	6943604	C	G	Q	6595931
B36	6822033	6953992	G	A	Q	6606319
ZK38	6822986	6954945	G	A	Q	6607272
ZK40	6830783	6962742	G	C	Q	6615069
ZK41	6837506	6969465	A	G	Q	6621792
Y10_6837861	6837861	6969820	T	A	Q	6622147
Z5907	6844661	6976620	G	A	Q	6628947
ZK42	6845063	6977022	C	T	Q	6629349
F835	6846280	6978239	C	G	Q	6630566
ZK43	6848493	6980452	A	G	Q	6632779
gn_6852329	6852329	6984288	C	T	Q	
ZK897	6857685	6989644	T	G	Q	6641971
Z35748	6863013	6994972	A	G	Q	6647304
YP919	6866305	6998264	A	G	Q	6650596
Z35738	6866757	6998716	G	A	Q	6651048
BZ1461	6873571	7005530	T	C	Q	6657861
ZK44	6875655	7007614	C	T	Q	6659945
ZK45	6878588	7010547	G	A	Q	6662878
ZK46	6886966	7018925	T	A	Q	6671256
ZK47	6887165	7019124	A	G	Q	6671455
Z35902	6888233	7020192	G	A	Q	6672523
Y1_rs1603040369	6894185	7026144	C	G	Q	6678474
ZK48	6894680	7026639	G	C	Q	6678969
ZK898	6897354	7029313	C	T	Q	6681642
ZK899	6900699	7032658	C	T	Q	6684987
B50	6909700	7041659	C	A	Q	6693988
gn_6917905	6917905	7049864	A	T	Q	
Y10_GMP1	6931449	7063408	C	G	Q	6715740
ZK49	6931583	7063542	G	C	Q	6715874
Y1_rs760033971	6932001	7063960	G	C	Q	6716292
ZK900	6940369	7072328	G	T	Q	6724660
Z35727	6945309	7077268	G	A	Q	6729600
gn_6950439	6950439	7082398	A	G	Q	
A1211	6957497	7089456	C	T	Q	6741786
ZK901	6975973	7107932	G	A	Q	6760262
CTS752	6994763	7126722	C	T	Q	6779051
ZK902	6996566	7128525	T	C	Q	6780854
M7417	7001509	7133468	C	T	Q	6785797
ZK50	7011267	7143226	T	C	Q	6795549
Z35743	7015110	7147069	A	T	Q	6799392
ZK51	7029140	7161099	A	C	Q	6813422
ZK52	7039192	7171151	G	A	Q	6823474
ZK903	7042954	7174913	G	A	Q	6827236
ZK904	7043049	7175008	G	A	Q	6827331
ZK53	7045357	7177316	A	C	Q	6829639
Z5910	7047706	7179665	T	C	Q	6831988
ZK905	7048812	7180771	G	A	Q	6833094
ZK54	7049012	7180971	A	T	Q	6833294
CTS856	7049495	7181454	G	A	Q	6833777
ZK55	7049608	7181567	T	C	Q	6833890
ZK56	7078775	7210734	G	T	Q	6863071
ZK906	7085248	7217207	T	A	Q	6869545
ZK57	7085346	7217305	C	G	Q	6869643
rs1214459974	7111075	7243034	C	T	Q	
ZK58	7112649	7244608	C	T	Q	6896941
ZK59	7135943	7267902	C	T	Q	6920231
ZK907	7136055	7268014	G	C	Q	6920343
ZK60	7140017	7271976	T	C	Q	6924303
ZK61	7145745	7277704	C	G	Q	6930031
gn_7147629	7147629	7279588	C	T	Q	6931915
Z5913	7164117	7296076	C	T	Q	6948403
ZK62	7174231	7306190	C	T	Q	6958513
ZK63	7177701	7309660	G	C	Q	6961983
ZK908	7179540	7311499	A	C	Q	6963822
ZK909	7185794	7317753	A	G	Q	6970076
ZK64	7187335	7319294	A	G	Q	6971618
Y1_7192964	7192964	7324923	T	C	Q	6977247
ZK65	7202529	7334488	C	T	Q	6986812
ZK66	7202986	7334945	T	C	Q	6987269
ZK67	7206113	7338072	G	C	Q	6990396
ZK910	7210348	7342307	T	C	Q	6994631
ZK68	7242952	7374911	G	A	Q	7027234
ZK911	7246991	7378950	T	G	Q	7031273
ZK69	7255213	7387172	G	T	Q	7039495
ZK70	7259274	7391233	C	T	Q	7043556
Y10_GMP35	7267390	7399349	G	T	Q	
Z35616	7271725	7403684	T	A	Q	7056007
ZK912	7283622	7415581	G	A	Q	7067904
ZK913	7286755	7418714	G	T	Q	7071037
ZK914	7295237	7427196	G	A	Q	7079519
Z35739	7295296	7427255	A	C	Q	7079578
ZK71	7301898	7433857	A	C	Q	7086180
ZK915	7315872	7447831	C	G	Q	7100149
ZK72	7316940	7448899	A	G	Q	7101217
Y11_MPB165	7327684	7459643	C	T	Q	7111961
ZK916	7328027	7459986	G	A	Q	7112304
B40	7342066	7474025	G	C	Q	7126356
ZK73	7344729	7476688	T	G	Q	7129019
ZK74	7350228	7482187	C	T	Q	7134518
ZK917	7350352	7482311	G	T	Q	7134642
ZK75	7355921	7487880	T	C	Q	7140211
ZK76	7356120	7488079	G	A	Q	7140410
ZK918	7369355	7501314	A	C	Q	7153647
ZK919	7372943	7504902	C	A	Q	7157235
Z19523	7374678	7506637	G	A	Q	7158971
ZK920	7379252	7511211	G	A	Q	7163545
ZK77	7380886	7512845	G	C	Q	7165179
ZK921	7384185	7516144	T	G	Q	7168498
ZK78	7397532	7529491	C	G	Q	7181856
ZK79	7402303	7534262	T	C	Q	7186627
Y1_7409968	7409968	7541927	A	T	Q	
ZK80	7415547	7547506	T	C	Q	7199867
ZK81	7420284	7552243	T	C	Q	7204612
ZK922	7421538	7553497	G	C	Q	7205866
ZK923	7422867	7554826	G	A	Q	7207195
ZK924	7423393	7555352	G	A	Q	7207721
ZK925	7425285	7557244	A	G	Q	7209597
ZK82	7432761	7564720	A	G	Q	7217073
BY65986	7569247	7701206	G	A	Q	7353879
Z35900	7579211	7711170	C	T	Q	7363842
Y27993	7625240	7757199	T	A	Q	7413193
Y26551	7654363	7786322	G	A	Q	7442306
Z35921	7698498	7830457	T	C	Q	7486441
Y166136	7768399	7900358	G	T	Q	7556344
Z778	7796887	7928846	T	A	Q	7584832
Y10_7841097	7841097	7973056	G	A	Q	7629050
Y4287	7841244	7973203	G	T	Q	7629197
Y1_7842069	7842069	7974028	G	A	Q	
Y10_GMP10	7948308	8080267	T	C	Q	
Y5_CO11	8032185	8164144	C	G	Q	7820149
Y11_MPB166	8055626	8187585	C	A	Q	7843592
F1096	8087573	8219532	A	T	Q	7875538
GG169	8098860	8230819	A	G	Q	7886780
Y10_8145108	8145108	8277067	G	A	Q	
SA05	8148836	8280795	A	G	Q	7936750
Y15697	8159509	8291468	G	A	Q	7947424
Y10_8340610	8340610	8472569	T	A	Q	8128485
Y551	8358130	8490089	G	T	Q	8146005
B48	8433027	8564986	C	T	Q	8220894
Z19339	8445140	8577099	G	T	Q	8233007
B44	8447233	8579192	C	G	Q	8235100
BZ3401	8467139	8599098	G	T	Q	8255011
SK281	8482051	8614010	G	C	Q	8270012
Z780	8510540	8642499	C	T	Q	8298482
Z19326	8539880	8671839	G	T	Q	8327824
BZ1021	8558847	8690806	G	C	Q	8346797
Z35506	8612578	8744537	C	G	Q	8400555
Z781	8642911	8774870	C	T	Q	8430886
Y166446	8680843	8812802	C	T	Q	8468825
B45	8681641	8813600	G	C	Q	8469623
Y10_GMP74	8714189	8846148	G	T	Q	8502171
Z782	8715235	8847194	G	T	Q	8503217
Y10_8747029	8747029	8878988	C	T	Q	8535096
Y10_GMP73	8863511	8995470	A	C	Q	8651581
Y10_9000903	9000903	9163294	T	C	Q	8769432
Y11_MPB445	9025979	9188370	G	A	Q	8794508
BZ3407	9108326	9270717	G	T	Q	8876877
Y11_MPB432	9140943	9303334	C	T	Q	8909495
Y10_9147135	9147135	9309526	C	G	Q	
Y1_9170541	9170541	9332932	T	C	Q	
YP4799	9777360	9939751	A	T	Q	10258835
Y204793	9938699	10101090	C	T	Q	
rs79734930	9950503	10112894	C	T	Q	
rs77290863	9952558	10114949	C	A	Q	
Y210687	9955711	10118102	T	C	Q	
ZK84	13137783	10627269	C	A	Q	10889016
Y753	13401605	11245929	G	A	Q	11467289
rs112760143	13446654	11290978	T	C	Q	
ZK926	13592537	11436861	A	T	Q	11658210
Y779	13815631	11694925	T	C	Q	12601970
ZK85	13871383	11750677	C	T	Q	12657621
ZK927	13880811	11760105	T	C	Q	12667048
ZK928	13890492	11769786	C	A	Q	12676728
ZK86	13893942	11773236	A	C	Q	12680178
ZK929	13899162	11778456	C	T	Q	12685398
ZK87	13900316	11779610	C	A	Q	12686553
ZK88	13904223	11783517	A	G	Q	12690459
ZK930	13906388	11785682	T	C	Q	12692624
ZK931	13906721	11786015	T	C	Q	12692957
Y10_13909667	13909667	11788961	G	A	Q	12695909
ZK932	13911024	11790318	G	C	Q	12697266
ZK933	13916673	11795967	G	A	Q	12702915
Y11_MPB162	13918077	11797371	G	C	Q	12704319
ZK934	13925979	11805273	G	A	Q	12712218
ZK935	13930405	11809699	A	T	Q	12716644
ZK89	13936882	11816176	C	T	Q	12723123
ZK936	13938301	11817595	G	A	Q	12724542
ZK937	13943336	11822630	C	G	Q	12729565
ZK938	13951519	11830813	A	T	Q	12737749
ZK939	13952526	11831820	G	A	Q	12738756
ZK91	13960050	11839344	G	A	Q	12746280
ZK940	13960659	11839953	G	A	Q	12746885
Y5_CO02	13961083	11840377	C	T	Q	12747310
ZK92	13971032	11850326	T	G	Q	12757236
ZK93	13975721	11855015	G	A	Q	12761925
ZK942	13984391	11863685	T	C	Q	12770593
ZK94	13990022	11869316	C	T	Q	12776224
ZK943	13991271	11870565	A	G	Q	12777473
ZK95	13991776	11871070	T	A	Q	12777978
ZK96	13992400	11871694	T	A	Q	12778602
ZK944	13993520	11872814	C	T	Q	12779722
ZK945	13995608	11874902	C	G	Q	12781810
rs757115426	14000346	11879640	G	A	Q	12786546
ZK97	14003457	11882751	T	G	Q	12789657
ZK98	14004737	11884031	C	T	Q	12790937
ZK99	14010670	11889964	G	T	Q	12796864
ZK946	14013093	11892387	G	A	Q	12799287
ZK100	14015369	11894663	T	G	Q	12801563
ZK101	14020875	11900169	G	A	Q	12807069
ZK102	14024712	11904006	A	G	Q	12810906
ZK103	14028098	11907392	C	A	Q	12814284
ZK104	14038787	11918081	G	A	Q	12824976
ZK105	14039954	11919248	G	A	Q	12826143
rs370714884	14049534	11928828	G	T	Q	12835723
ZK106	14049777	11929071	T	C	Q	12835966
ZK947	14050334	11929628	A	G	Q	12836523
ZK107	14064034	11943328	C	A	Q	12850220
ZK108	14066665	11945959	G	A	Q	12852851
ZK949	14069198	11948492	G	C	Q	12855384
ZK109	14078246	11957540	G	T	Q	12864436
ZK110	14081814	11961108	C	G	Q	12868006
ZK111	14099995	11979289	G	A	Q	12886189
ZK112	14102817	11982111	T	C	Q	12889048
ZK950	14106062	11985356	C	T	Q	12892293
ZK113	14107952	11987246	C	A	Q	12894183
ZK114	14115272	11994566	G	T	Q	12901503
ZK115	14116347	11995641	T	C	Q	12902578
Y1_14125686	14125686	12004980	C	A	Q	
ZK116	14126812	12006106	T	A	Q	12913047
ZK951	14135205	12014499	G	A	Q	12921440
ZK952	14137376	12016670	G	A	Q	12923611
ZK117	14139392	12018686	T	G	Q	12925627
ZK953	14140359	12019653	T	C	Q	12926594
ZK118	14150483	12029777	C	G	Q	12936718
ZK119	14151953	12031247	G	T	Q	12938188
ZK954	14155852	12035146	A	T	Q	12942087
ZK955	14158128	12037422	T	C	Q	12944363
gn_14163825	14163825	12043119	C	G	Q	
ZK120	14169072	12048366	C	T	Q	12955307
gn_14169337	14169337	12048631	A	G	Q	
ZK956	14173887	12053181	T	C	Q	12960629
ZK121	14174650	12053944	G	A	Q	12961392
Z8028	14181495	12060789	G	A	Q	12968237
ZK957	14182981	12062275	G	C	Q	12969723
F1718	14185141	12064435	G	T	Q	12971883
ZK122	14185936	12065230	A	T	Q	12972678
ZK958	14204559	12083853	A	G	Q	12991293
ZK123	14207974	12087268	C	T	Q	12994708
Z35514	14209686	12088980	C	T	Q	12996420
ZK124	14209814	12089108	T	C	Q	12996548
ZK125	14210382	12089676	A	G	Q	12997116
ZK959	14214581	12093875	C	T	Q	13001315
ZK126	14215329	12094623	T	C	Q	13002063
ZK127	14227003	12106297	G	A	Q	13013737
ZK128	14236890	12116184	G	A	Q	13023624
ZK960	14240542	12119836	G	T	Q	13027276
ZK129	14241037	12120331	G	A	Q	13027771
rs777579690	14242972	12122266	C	A	Q	13029696
ZK130	14244675	12123969	A	T	Q	13031399
ZK131	14244757	12124051	T	C	Q	13031481
Y10_GMP21	14246232	12125526	C	G	Q	13032956
ZK132	14249639	12128933	C	A	Q	13036363
ZK133	14254493	12133787	G	C	Q	13041217
ZK134	14263095	12142389	G	C	Q	13049820
ZK135	14264277	12143571	G	A	Q	13051002
rs546824712	14264865	12144159	G	T	Q	13051590
ZK136	14267091	12146385	A	G	Q	13053816
ZK137	14275124	12154418	G	A	Q	13061849
ZK138	14275167	12154461	A	T	Q	13061892
ZK139	14276909	12156203	A	C	Q	13063634
ZK140	14277390	12156684	C	A	Q	13064115
ZK961	14294612	12173906	C	G	Q	13081336
ZK962	14298657	12177951	G	T	Q	13085381
ZK963	14300951	12180245	G	A	Q	13087675
ZK141	14301603	12180897	G	A	Q	13088327
ZK142	14311081	12190375	C	A	Q	13097805
ZK143	14311744	12191038	G	A	Q	13098468
ZK144	14312005	12191299	G	T	Q	13098729
rs1281366472	14315955	12195249	A	G	Q	13102679
CTS2462	14315959	12195253	C	T	Q	13102683
ZK964	14320520	12199814	A	G	Q	13107244
ZK145	14321695	12200989	C	A	Q	13108419
ZK146	14323889	12203183	T	C	Q	13110613
ZK147	14327778	12207072	C	T	Q	13114507
ZK965	14335531	12214826	C	T	Q	13122262
ZK148	14335801	12215096	T	A	Q	13122532
ZK149	14339962	12219257	C	T	Q	13126693
Y27994	14344884	12224179	A	C	Q	
ZK150	14349562	12228857	C	T	Q	13136293
ZK151	14365115	12244410	G	C	Q	13151846
ZK966	14366620	12245915	G	A	Q	13153351
ZK152	14368553	12247849	T	C	Q	13155285
ZK153	14370702	12249998	T	A	Q	13157434
ZK967	14374137	12253433	C	G	Q	13160869
ZK154	14380079	12259375	G	A	Q	13166803
ZK155	14385124	12264420	C	G	Q	13171848
ZK156	14387009	12266305	G	C	Q	13173733
ZK157	14388103	12267399	G	A	Q	13174827
ZK968	14388988	12268284	G	A	Q	13175712
M848	14389497	12268793	C	T	Q	13176221
ZK158	14396029	12275325	G	A	Q	13182753
ZK969	14408172	12287470	G	A	Q	13194898
gn_14418467	14418467	12297742	G	A	Q	
ZK970	14427882	12307157	A	G	Q	13214604
ZK159	14442658	12321931	G	T	Q	13229369
CTS2731	14449543	12328816	A	G	Q	13236254
ZK160	14453501	12332774	G	A	Q	13240212
ZK161	14457822	12337095	A	T	Q	13244533
ZK162	14458794	12338067	A	G	Q	13245503
L334	14482079	12361348	G	A	Q	13268780
ZK163	14483215	12362484	C	T	Q	13269916
ZK164	14487522	12366791	A	T	Q	13274225
Y1_14495293	14495293	12383490	T	A	Q	
ZK971	14516462	12404663	C	T	Q	13312288
ZK165	14520832	12409033	T	A	Q	13316658
Y166704	14522208	12410409	C	A	Q	
ZK166	14534669	12422870	A	G	Q	13330495
gn_14542409	14542409	12430610	C	T	Q	13338235
ZK167	14548221	12436422	G	A	Q	13344047
ZK168	14563735	12451935	T	C	Q	13359550
ZK169	14580089	12468289	G	C	Q	13375904
ZK170	14580361	12468561	G	A	Q	13376176
ZK171	14581508	12469708	T	C	Q	13377323
ZK173	14584784	12472984	G	A	Q	13380599
ZK174	14586934	12475134	A	T	Q	13382749
Y10_GMP51	14587968	12476168	A	G	Q	13383783
ZK175	14589639	12477839	A	G	Q	13385451
ZK176	14593023	12481223	G	A	Q	13388835
ZK177	14600911	12489113	C	T	Q	13396723
ZK178	14607093	12495295	C	T	Q	13402906
ZK179	14623254	12511452	C	T	Q	13419063
ZK180	14629424	12517492	G	T	Q	13425303
ZK181	14653497	12541562	C	T	Q	13449373
ZK182	14656757	12544822	C	G	Q	13452633
ZK972	14668242	12556308	G	C	Q	13464118
ZK183	14671191	12559257	G	T	Q	13467067
ZK973	14680624	12568690	C	A	Q	13476500
ZK184	14696342	12584408	T	C	Q	13492218
rs1013308194	14699558	12587624	G	T	Q	13495434
ZK974	14707716	12595782	A	G	Q	13503592
ZK185	14724756	12612824	A	C	Q	13520635
Y10_14764319	14764319	12652388	T	C	Q	13560212
ZK975	14771566	12659635	A	C	Q	13567459
ZK976	14779266	12667336	T	C	Q	13575610
ZK977	14797669	12685740	G	A	Q	13594013
ZK186	14800761	12688832	C	T	Q	13597105
ZK187	14803695	12691766	C	T	Q	13600039
ZK188	14812516	12700587	G	A	Q	13608860
SA02	14820439	12708506	A	G	Q	13616783
ZK189	14838075	12726142	A	T	Q	13634419
ZK978	14846275	12734341	C	T	Q	13642618
ZK190	14846451	12734517	G	C	Q	13642794
ZK979	14858091	12746157	T	C	Q	13654434
ZK191	14878050	12766120	T	G	Q	13674398
ZK192	14895457	12783523	A	G	Q	13691801
ZK980	14898345	12786411	A	G	Q	13694689
ZK981	14902484	12790551	C	T	Q	13698828
ZK193	14904215	12792282	A	G	Q	13700559
ZK194	14913190	12801257	G	T	Q	13709534
ZK195	14941773	12829847	A	T	Q	13738123
ZK196	14969881	12857956	C	G	Q	13766230
ZK983	14975480	12863555	C	G	Q	13771829
ZK197	14975491	12863566	T	A	Q	13771840
ZK198	14989304	12877389	T	A	Q	13785664
ZK199	14993204	12881289	T	A	Q	13789564
M194	15014550	12902638	T	C	Q	13810910
SA01	15014716	12902804	C	T	Q	13811076
M242	15018582	12906671	C	T	Q	13814942
ZK200	15021992	12910081	A	G	Q	13818352
ZK984	15024567	12912655	A	G	Q	13820926
BZ648	15026112	12914200	G	A	Q	13822471
Y1_15026427	15026427	12914515	T	C	Q	
Y10_15027317	15027317	12915405	A	C	Q	13823676
ZK985	15042720	12930810	T	C	Q	13839081
ZK986	15055688	12943780	G	A	Q	13852050
Y10_15058491	15058491	12946583	A	G	Q	13854853
ZK201	15069452	12957543	C	T	Q	13865813
ZK202	15071532	12959623	A	G	Q	13867893
ZK203	15071937	12960028	A	G	Q	13868298
ZK204	15085330	12973420	C	A	Q	13881690
ZK205	15095790	12983878	A	G	Q	13892148
ZK206	15110545	12998632	T	A	Q	13906902
ZK987	15113816	13001903	G	C	Q	13910173
ZK207	15128986	13017073	A	T	Q	13925343
ZK208	15129421	13017508	G	A	Q	13925778
ZK209	15134247	13022334	A	T	Q	13930604
B39	15135803	13023890	T	A	Q	13932160
FGC6816	15137019	13025106	C	A	Q	13933376
ZK988	15152601	13040688	C	A	Q	13948959
ZK989	15155460	13043547	T	C	Q	13951818
ZK210	15161138	13049224	A	G	Q	13957496
ZK211	15193188	13081274	C	T	Q	13989546
ZK990	15224406	13112492	T	C	Q	14020764
ZK212	15236600	13124686	G	T	Q	14031394
ZK213	15257061	13145145	T	C	Q	14051853
ZK991	15265652	13153741	G	T	Q	14060445
ZK214	15279799	13167898	G	A	Q	14074607
ZK215	15289683	13177782	A	T	Q	14084491
ZK216	15298356	13186455	G	C	Q	14093164
ZK992	15300494	13188593	C	A	Q	14095302
ZK217	15314410	13202515	T	C	Q	14109219
CTS4000	15326406	13214524	C	T	Q	14121230
ZK218	15331265	13219383	A	T	Q	14126089
ZK219	15337575	13225693	C	T	Q	14132400
ZK220	15344317	13232436	G	C	Q	14139142
ZK221	15349821	13237940	G	A	Q	14144646
Y10_15356961	15356961	13245080	T	C	Q	14151785
ZK222	15364354	13252474	A	T	Q	14159179
ZK993	15378454	13266574	T	A	Q	14173279
ZK994	15394799	13282919	G	A	Q	14189624
ZK995	15397808	13285928	C	A	Q	14192633
ZK996	15398726	13286846	T	G	Q	14193551
ZK223	15405050	13293170	C	A	Q	14199875
ZK224	15418709	13306829	G	A	Q	14213534
Y1_15422916	15422916	13311036	C	A	Q	
P106	15422922	13311042	C	T	Q	14217747
ZK225	15427788	13315908	C	A	Q	14222612
ZK226	15461432	13349552	T	G	Q	14256256
ZK227	15471756	13359876	T	C	Q	14266580
ZK998	15478986	13367106	T	C	Q	14273810
ZK999	15490850	13378970	T	C	Q	14285674
ZK228	15493480	13381600	C	T	Q	14288305
Y1_15499661	15499661	13387781	G	A	Q	
Y1_15508183	15508183	13396303	G	A	Q	14303009
Z19622^	15517982	13406102	G	A	Q	14312807
ZK229	15518155	13406275	T	C	Q	14312980
ZK230	15527559	13415679	C	T	Q	14322384
ZK1000	15536871	13424991	G	A	Q	14331696
ZK231	15537720	13425840	A	T	Q	14332545
ZK232	15539991	13428111	T	C	Q	14334816
ZK1001	15542191	13430311	T	C	Q	14337016
ZK233	15556390	13444510	A	T	Q	14351217
ZK1002	15563591	13451711	C	T	Q	14358400
ZK234	15564954	13453074	A	T	Q	14359763
ZK235	15580919	13469039	C	A	Q	14375728
ZK1003	15584524	13472644	T	C	Q	14379333
ZK236	15592252	13480372	C	G	Q	14387061
ZK237	15594481	13482601	T	C	Q	14389290
ZK238	15597375	13485495	T	C	Q	14392184
ZK239	15607224	13495344	A	T	Q	14402033
ZK1004	15613845	13501965	A	C	Q	14408654
ZK240	15655118	13543238	C	G	Q	14449928
ZK1005	15663481	13551601	G	A	Q	14458245
ZK1006	15670302	13558422	A	T	Q	14465066
ZK241	15692563	13580683	G	A	Q	14487327
ZK242	15697600	13585720	G	A	Q	14492364
ZK243	15705240	13593360	T	A	Q	14500000
FGC6925	15711324	13599444	C	T	Q	14506084
ZK244	15712836	13600956	G	T	Q	14507596
ZK1007	15721072	13609192	T	A	Q	14515832
ZK1008	15723444	13611564	C	T	Q	14518204
ZK245	15724939	13613059	C	T	Q	14519699
ZK246	15737323	13625443	C	G	Q	14532082
ZK1009	15746210	13634330	T	A	Q	14540969
Y1_15747422	15747422	13635542	C	T	Q	14542181
ZK1010	15748934	13637054	G	T	Q	14543693
ZK247	15749412	13637532	G	C	Q	14544171
ZK1011	15750009	13638129	C	A	Q	14544768
ZK1012	15750785	13638905	A	G	Q	14545544
ZK248	15752140	13640260	C	A	Q	14546899
ZK249	15752252	13640372	C	T	Q	14547011
ZK250	15765495	13653615	G	A	Q	14560257
ZK1014	15773850	13661970	T	C	Q	14568612
ZK251	15786602	13674722	G	T	Q	14581364
ZK252	15798047	13686167	G	A	Q	14592809
ZK1015	15799846	13687966	G	C	Q	14594608
ZK253	15800206	13688326	T	G	Q	14594968
CTS4765	15803635	13691755	C	T	Q	14598397
ZK254	15813874	13701994	C	T	Q	14608638
ZK255	15814551	13702671	G	A	Q	14609315
ZK256	15820186	13708306	G	C	Q	14614936
CTS4795	15825550	13713670	G	T	Q	14620300
ZK257	15825552	13713672	G	A	Q	14620302
ZK258	15828194	13716314	A	G	Q	14622944
ZK259	15829841	13717961	C	T	Q	14624591
ZK260	15830183	13718303	C	T	Q	14624933
ZK1016	15842376	13730496	A	T	Q	14637126
ZK261	15861608	13749728	C	T	Q	14656358
ZK1017	15862766	13750886	G	A	Q	14657516
ZK1018	15867625	13755745	T	C	Q	14662372
ZK1019	15871549	13759669	A	G	Q	14666296
ZK262	15872207	13760327	A	T	Q	14666954
BY104773	15896497	13784617	A	G	Q	14691244
ZK263	15920796	13808916	T	C	Q	14715555
ZK1020	15936713	13824833	T	A	Q	14731484
ZK265	15936905	13825025	G	A	Q	14731676
ZK266	15944858	13832978	G	C	Q	14739628
ZK267	15954804	13842924	C	T	Q	14749574
ZK268	15965638	13853758	A	G	Q	14760410
ZK1021	15966529	13854649	C	T	Q	14761301
ZK269	15969023	13857143	G	C	Q	14763795
ZK270	15969590	13857710	T	C	Q	14764362
Z19367	15977005	13865125	G	A	Q	14771776
Y10_15980062	15980062	13868182	C	T	Q	14774833
gn_15981102	15981102	13869222	A	G	Q	14775873
ZK271	15990295	13878415	G	T	Q	14785066
ZK1022	16009043	13897163	G	A	Q	14803814
ZK272	16015261	13903381	A	C	Q	14810032
ZK273	16017604	13905724	A	G	Q	14812375
ZK1023	16019271	13907391	G	C	Q	14814042
Z19240	16041505	13929625	C	T	Q	14836279
ZK274	16042582	13930702	T	A	Q	14837356
ZK1024	16052672	13940792	A	T	Q	14847434
ZK275	16057211	13945331	G	T	Q	14851977
ZK1025	16065183	13953303	G	A	Q	14859951
ZK276	16065273	13953393	C	A	Q	14860041
FGC47532	16071882	13960002	T	C	Q	14866650
ZK279	16074328	13962448	C	T	Q	14869096
ZK1026	16087457	13975577	G	A	Q	14882224
ZK1027	16088641	13976761	A	G	Q	14883408
ZK280	16190410	14078530	G	C	Q	14985187
ZK1028	16192239	14080359	A	T	Q	14987016
ZK281	16197884	14086004	A	C	Q	14992661
ZK282	16211844	14099964	T	G	Q	15006621
Y10_16212604	16212604	14100724	G	T	Q	15007381
ZK1029	16219506	14107626	T	C	Q	15014283
ZK283	16226818	14114938	C	A	Q	15021595
ZK284	16244296	14132416	G	C	Q	15039080
ZK285	16247649	14135769	C	T	Q	15042429
ZK286	16259902	14148022	G	A	Q	15054683
ZK1030	16270870	14158990	G	A	Q	15065651
ZK287	16281535	14169655	T	C	Q	15076316
ZK288	16288798	14176918	T	A	Q	15083579
ZK1031	16290067	14178187	G	T	Q	15084848
ZK289	16307914	14196034	T	C	Q	15102674
ZK290	16308297	14196417	G	C	Q	15103057
ZK291	16310040	14198160	C	A	Q	15104799
ZK292	16332123	14220243	A	C	Q	15126882
ZK293	16332710	14220830	C	T	Q	15127469
ZK294	16344060	14232180	A	G	Q	15138820
ZK295	16346268	14234388	C	T	Q	15141028
ZK296	16347471	14235591	G	A	Q	15142231
ZK297	16373350	14261470	G	C	Q	15168097
ZK1032	16373516	14261636	A	T	Q	15168263
ZK298	16377037	14265157	A	G	Q	15171784
ZK1033	16377077	14265197	T	C	Q	15171824
ZK1034	16381866	14269986	C	T	Q	15176613
gn_16385437	16385437	14273557	G	A	Q	15180184
ZK299	16386984	14275104	T	A	Q	15181731
ZK1035	16413618	14301738	T	C	Q	15208365
ZK300	16415125	14303245	C	G	Q	15209872
ZK301	16418105	14306225	C	T	Q	15212852
ZK302	16424640	14312760	A	G	Q	15219387
ZK303	16439497	14327617	A	G	Q	15234244
ZK304	16441130	14329250	C	T	Q	15235877
ZK305	16441651	14329771	C	T	Q	15236398
ZK306	16444341	14332461	A	G	Q	15239086
ZK307	16445262	14333382	C	T	Q	15240007
ZK308	16448839	14336959	T	C	Q	15243574
ZK309	16452676	14340796	G	A	Q	15247411
ZK1036	16464477	14352597	G	A	Q	15259212
ZK310	16464998	14353118	G	A	Q	15259733
ZK311	16465174	14353294	G	A	Q	15259909
ZK1037	16466289	14354409	A	G	Q	15261024
ZK1038	16468047	14356167	T	G	Q	15262782
CTS5804	16487674	14375794	G	A	Q	15282410
ZK312	16497444	14385564	T	A	Q	15292182
ZK313	16505154	14393274	A	T	Q	15299892
gn_16510518	16510518	14398638	A	G	Q	15305257
Y10_16517006	16517006	14405126	A	T	Q	
Y10_16524207	16524207	14412327	A	G	Q	15318942
ZK314	16525693	14413813	A	G	Q	15320428
ZK315	16529941	14418061	G	C	Q	15324672
BY15718	16535244	14423364	A	G	Q	15329978
ZK316	16537483	14425603	C	T	Q	15332217
ZK317	16543539	14431659	G	A	Q	15338273
ZK1040	16549241	14437361	G	A	Q	15343975
ZK318	16550412	14438532	G	A	Q	15345146
Z19432	16559961	14448081	A	G	Q	15354695
ZK319	16568032	14456152	C	A	Q	15362766
ZK1041	16569074	14457194	G	A	Q	15363808
ZK320	16574000	14462120	A	G	Q	15368736
ZK321	16576388	14464508	G	C	Q	15371124
ZK1042	16580545	14468665	G	A	Q	15375281
ZK322	16585367	14473487	G	A	Q	15380103
ZK323	16587048	14475168	C	T	Q	15381784
ZK324	16587132	14475252	A	G	Q	15381868
ZK325	16597293	14485413	T	C	Q	15392029
ZK326	16615135	14503255	T	C	Q	15409883
ZK327	16619486	14507606	C	T	Q	15414234
ZK1043	16622325	14510445	A	G	Q	15417073
ZK1044	16627954	14516074	T	A	Q	15422702
ZK328	16634392	14522512	G	A	Q	15429140
ZK1045	16661126	14549246	T	C	Q	15455877
ZK1046	16669005	14557125	C	T	Q	15463757
ZK1047	16672802	14560922	G	C	Q	15467554
ZK1048	16686181	14574301	A	G	Q	15480932
Y11_MPB167	16687733	14575853	A	C	Q	15482484
ZK329	16688907	14577027	A	G	Q	15483658
ZK330	16693967	14582087	A	G	Q	15488732
L805	16699291	14587411	A	G	Q	15494056
ZK331	16715097	14603217	G	A	Q	15509866
ZK332	16731744	14619864	C	T	Q	15526508
ZK333	16735590	14623710	G	A	Q	15530354
ZK334	16738685	14626805	A	G	Q	15533449
ZK1049	16748896	14637016	A	G	Q	15543659
Z19318	16750091	14638211	T	C	Q	15544854
ZK335	16756227	14644347	A	C	Q	15550990
ZK336	16779662	14667782	C	A	Q	15574427
ZK337	16787002	14675122	T	C	Q	15581769
ZK338	16791710	14679830	G	A	Q	15586477
ZK339	16791882	14680002	A	G	Q	15586649
ZK340	16794189	14682309	A	G	Q	15588956
ZK341	16797254	14685374	C	A	Q	15592021
ZK342	16801825	14689945	G	T	Q	15596592
ZK343	16802683	14690803	C	A	Q	15597450
ZK344	16810107	14698227	T	G	Q	15604882
ZK345	16812287	14700407	T	C	Q	15607062
ZK346	16813629	14701749	G	A	Q	15608402
ZK347	16820297	14708417	T	A	Q	15615072
ZK348	16822776	14710896	C	A	Q	15617551
ZK349	16829906	14718026	G	A	Q	15624681
ZK350	16838287	14726407	A	G	Q	15633041
ZK351	16839994	14728114	T	C	Q	15634748
Y1_16850724	16850724	14738844	A	G	Q	
ZK1050	16859160	14747280	G	T	Q	15653916
ZK352	16861376	14749496	T	A	Q	15656128
ZK353	16861908	14750028	G	A	Q	15656660
Y22391	16868573	14756693	C	T	Q	
ZK1051	16882612	14770732	G	A	Q	15677356
ZK354	16882969	14771089	C	T	Q	15677713
ZK1052	16887697	14775817	G	C	Q	15682441
ZK355	16887772	14775892	T	C	Q	15682516
ZK356	16893988	14782108	T	C	Q	15688736
ZK357	16894515	14782635	A	C	Q	15689263
ZK358	16899631	14787751	T	C	Q	15694379
ZK359	16921486	14809606	C	T	Q	15716195
gn_16923455	16923455	14811575	C	T	Q	15718164
ZK360	16929588	14817708	A	G	Q	15724297
ZK1053	16931011	14819131	G	A	Q	15725720
ZK361	16932029	14820149	T	C	Q	15726738
ZK362	16950896	14839016	C	T	Q	15745579
YP4723	16960587	14848707	A	G	Q	
ZK363	16968496	14856616	A	G	Q	15763179
ZK364	16979878	14867998	C	T	Q	15774561
ZK1054	16983886	14872006	C	A	Q	15778570
ZK365	16984382	14872502	G	A	Q	15779066
ZK1055	16987349	14875469	T	C	Q	15782033
rs536064140	16993300	14881420	C	T	Q	15787982
ZK1056	17001879	14889999	C	T	Q	15796560
ZK366	17009932	14898052	C	T	Q	15804612
ZK367	17010526	14898646	A	G	Q	15805206
ZK368	17015977	14904097	C	T	Q	15810658
ZK369	17018431	14906551	T	C	Q	15813112
ZK370	17043399	14931519	A	G	Q	15838080
gn_17049279	17049279	14937399	C	T	Q	
ZK371	17051905	14940025	T	G	Q	15846586
ZK1057	17052947	14941067	A	G	Q	15847628
gn_17053136	17053136	14941256	A	T	Q	
ZK372	17080496	14968616	C	G	Q	15875185
ZK373	17080674	14968794	T	C	Q	15875363
ZK374	17090496	14978616	G	C	Q	15885187
ZK375	17099982	14988102	C	A	Q	15894674
ZK1058	17116055	15004175	A	G	Q	15910736
ZK376	17129016	15017136	C	T	Q	15923695
ZK377	17137710	15025830	G	C	Q	15932389
ZK378	17137831	15025951	G	C	Q	15932510
ZK379	17148754	15036874	G	A	Q	15943434
ZK380	17153054	15041174	G	A	Q	15947734
Z35535	17182519	15070639	A	G	Q	15977195
gn_17193728	17193728	15081848	G	A	Q	
ZK1059	17197729	15085849	G	A	Q	15992381
Y10_17203842	17203842	15091962	T	G	Q	15998494
ZK381	17208223	15096343	C	T	Q	16002875
ZK382	17236933	15125053	C	T	Q	16031585
ZK1060	17247632	15135752	A	T	Q	16042291
ZK1061	17247765	15135885	A	G	Q	16042424
ZK383	17253347	15141467	T	C	Q	16048006
Y27992	17254116	15142236	T	C	Q	
ZK384	17257060	15145180	A	G	Q	16051719
Y10_17263815	17263815	15151935	G	C	Q	16058474
ZK385	17264269	15152389	G	A	Q	16058928
ZK1062	17271252	15159372	A	C	Q	16065914
ZK1063	17271826	15159946	C	T	Q	16066488
ZK386	17272939	15161059	C	T	Q	16067601
ZK387	17273175	15161295	A	G	Q	16067837
CTS7101	17291624	15179744	T	A	Q	16086288
ZK388	17295065	15183185	T	C	Q	16089730
ZK1064	17301002	15189122	T	A	Q	16095667
ZK1065	17303267	15191387	G	A	Q	16097931
ZK389	17309375	15197495	T	C	Q	16104040
ZK390	17310632	15198752	G	A	Q	16105297
ZK391	17310633	15198753	C	T	Q	16105298
ZK392	17311918	15200038	G	C	Q	16106583
rs753030204	17313283	15201403	T	C	Q	16107948
ZK393	17315854	15203974	C	T	Q	16110514
Z789	17335310	15223430	G	A	Q	16129981
ZK394	17340365	15228485	A	G	Q	16135036
ZK1066	17342978	15231098	C	T	Q	16137649
ZK395	17343585	15231705	A	G	Q	16138256
ZK1067	17344437	15232557	C	A	Q	16139108
ZK396	17350998	15239118	G	A	Q	16145656
Y26591	17374774	15262894	G	C	Q	16169432
ZK1068	17378362	15266482	T	C	Q	16173020
ZK1069	17379614	15267734	G	C	Q	16174272
ZK397	17391661	15279781	G	C	Q	16186320
ZK1070	17396801	15284921	C	T	Q	16191459
ZK1071	17401317	15289437	G	T	Q	16195975
FT274504	17415649	15303769	A	G	Q	16210302
rs902427588	17421219	15309339	C	T	Q	16215872
ZK398	17421697	15309817	A	G	Q	16216350
ZK399	17424182	15312302	T	G	Q	16218835
ZK400	17426543	15314663	G	A	Q	16221186
Y1_17434355	17434355	15322475	A	T	Q	16228998
ZK401	17444631	15332751	T	C	Q	16239269
ZK402	17446097	15334217	G	A	Q	16240735
ZK1072	17452845	15340965	C	T	Q	16247484
ZK403	17459626	15347746	C	T	Q	16254265
ZK404	17465141	15353261	A	G	Q	16259780
ZK405	17475861	15363981	T	C	Q	16270498
ZK1073	17479748	15367868	G	A	Q	16274385
ZK406	17482834	15370954	G	A	Q	16277471
Y11_MPB160	17485418	15373538	G	T	Q	16280055
ZK407	17486041	15374161	T	A	Q	16280678
ZK408	17486051	15374171	A	G	Q	16280688
ZK1074	17486885	15375005	T	C	Q	16281522
ZK409	17487818	15375938	C	T	Q	16282455
ZK410	17491047	15379167	T	C	Q	16285684
ZK411	17493638	15381758	A	C	Q	16288275
ZK412	17510121	15398241	A	G	Q	16304758
ZK413	17510541	15398661	G	A	Q	16305178
ZK1075	17511501	15399621	C	A	Q	16306138
ZK414	17512647	15400767	G	T	Q	16307284
ZK1076	17517224	15405344	G	A	Q	16311861
ZK415	17517908	15406028	T	A	Q	16312545
ZK416	17525116	15413236	G	T	Q	16319753
ZK417	17525178	15413298	A	G	Q	16319815
ZK418	17525896	15414016	A	G	Q	16320533
rs9786213	17534389	15422509	A	T	Q	16329022
ZK1077	17537592	15425712	C	A	Q	16332228
ZK419	17544200	15432320	G	A	Q	16338835
ZK1078	17547854	15435974	A	G	Q	16342489
ZK1079	17550024	15438144	G	T	Q	16344659
ZK420	17553260	15441380	G	T	Q	16347895
ZK421	17555003	15443123	C	T	Q	16349638
ZK422	17561183	15449303	A	T	Q	16355818
ZK423	17561751	15449871	C	T	Q	16356386
ZK424	17565498	15453618	C	A	Q	16360132
ZK425	17568570	15456690	T	A	Q	16363204
ZK426	17578964	15467084	C	G	Q	16373601
ZK427	17592561	15480681	G	A	Q	16387199
ZK428	17592711	15480831	T	A	Q	16387349
ZK1082	17600776	15488896	A	G	Q	16395414
ZK1083	17606105	15494225	T	A	Q	16400744
Y4276	17615150	15503270	A	G	Q	16409789
ZK1084	17628409	15516529	G	T	Q	16423050
ZK429	17637386	15525506	G	A	Q	16432025
ZK1085	17651995	15540115	T	C	Q	16446632
ZK430	17656230	15544350	G	A	Q	16450866
ZK431	17657210	15545330	A	C	Q	16451846
Y1_rs541403360	17657595	15545715	G	T	Q	16452231
Y1_rs564763483	17657596	15545716	A	T	Q	16452232
ZK1086	17661360	15549480	G	A	Q	16455996
ZK432	17677899	15566019	G	A	Q	16472531
Y10_17685415	17685415	15573535	C	T	Q	16480046
ZK433	17686771	15574891	C	T	Q	16481402
ZK434	17703110	15591230	T	C	Q	16497741
ZK1087	17716295	15604415	T	C	Q	16510930
ZK435	17721853	15609973	T	C	Q	16516488
rs113915181	17731389	15619509	C	T	Q	
ZK436	17734141	15622261	C	T	Q	16528765
ZK437	17737284	15625404	G	A	Q	16531908
ZK438	17740068	15628188	G	A	Q	16534692
ZK439	17756143	15644263	C	T	Q	16550768
ZK440	17758795	15646915	C	T	Q	16553420
ZK441	17759788	15647908	C	T	Q	16554413
ZK442	17761370	15649490	G	T	Q	16555995
L330	17766807	15654927	T	C	Q	16561432
ZK443	17769319	15657439	A	G	Q	16563944
ZK444	17775767	15663887	T	A	Q	16570392
ZK445	17777227	15665347	G	A	Q	16571852
ZK446	17778273	15666393	T	C	Q	16572898
ZK1088	17779395	15667515	G	T	Q	16574020
gn_17781168	17781168	15669288	C	A	Q	
ZK447	17800961	15689081	A	G	Q	16595543
ZK448	17805525	15693645	T	A	Q	16600107
ZK449	17818846	15706966	A	T	Q	16613424
ZK450	17821413	15709533	C	A	Q	16615991
ZK1089	17825102	15713222	C	G	Q	16619680
ZK451	17848401	15736521	C	T	Q	16642974
ZK452	17854080	15742200	C	G	Q	16648653
ZK1090	17856190	15744310	T	C	Q	16650763
ZK1091	17871541	15759661	G	A	Q	16666114
ZK1092	17872359	15760479	G	A	Q	16666932
ZK453	17878416	15766536	A	G	Q	16672989
ZK454	17883844	15771964	G	A	Q	16678417
ZK1093	17888137	15776257	G	A	Q	16682710
ZK455	17895452	15783572	G	A	Q	16690025
ZK456	17897299	15785419	G	C	Q	16691872
ZK457	17906136	15794256	A	C	Q	16700709
Y10_17906514	17906514	15794634	A	G	Q	
Y1_17917401	17917401	15805521	T	C	Q	
ZK458	17919278	15807398	A	T	Q	16713855
Y1_17922077	17922077	15810197	A	G	Q	
ZK459	17930410	15818530	A	G	Q	16724995
ZK1094	17933992	15822112	G	T	Q	16728578
ZK460	17935938	15824058	A	G	Q	16730524
ZK461	17936126	15824246	G	C	Q	16730712
ZK1095	17936275	15824395	T	C	Q	16730861
ZK462	17938371	15826491	T	C	Q	16732957
ZK1096	17951614	15839734	G	A	Q	16746203
ZK463	17953209	15841329	T	A	Q	16747798
ZK464	17956820	15844940	T	C	Q	16751409
ZK465	17959134	15847254	C	T	Q	16753723
ZK1097	17964279	15852399	C	A	Q	16758867
ZK1098	17964841	15852961	A	T	Q	16759429
ZK1099	17966839	15854959	A	C	Q	16761427
ZK466	17973117	15861237	C	A	Q	16767705
ZK1100	17975935	15864055	T	C	Q	16770523
ZK467	17981164	15869284	A	G	Q	16775752
ZK468	17981939	15870059	T	C	Q	16776527
ZK1101	17985097	15873217	T	G	Q	16779685
ZK469	18020515	15908635	G	A	Q	16815094
ZK470	18020888	15909008	G	A	Q	16815467
gn_18025414	18025414	15913534	C	T	Q	
ZK471	18030739	15918859	C	T	Q	16825318
ZK472	18033758	15921878	C	A	Q	16828337
ZK1102	18038008	15926128	T	C	Q	16832586
ZK473	18038439	15926559	T	A	Q	16833017
ZK474	18043979	15932099	T	G	Q	16838559
ZK1103	18059637	15947757	C	T	Q	16854333
ZK475	18064730	15952850	T	C	Q	16859400
ZK476	18066740	15954860	T	C	Q	16861410
ZK477	18068210	15956330	A	C	Q	16862880
CTS8571	18088531	15976651	C	T	Q	16883201
ZK478	18093204	15981324	C	T	Q	16887875
ZK479	18102758	15990878	C	A	Q	16897427
ZK1104	18107729	15995849	C	G	Q	16902398
Y10_18111388	18111388	15999508	C	T	Q	16906057
ZK480	18111738	15999858	C	G	Q	16906407
ZK481	18117477	16005597	C	T	Q	16912150
ZK482	18123246	16011366	T	C	Q	16917919
ZK1105	18128995	16017115	T	A	Q	16923660
ZK1106	18145419	16033539	C	A	Q	16940084
ZK483	18150866	16038986	G	C	Q	16945535
ZK484	18163110	16051230	A	G	Q	16957774
Y11_MPB171	18176034	16064154	G	A	Q	16970697
ZK485	18205437	16093557	G	A	Q	17000100
ZK486	18214199	16102319	C	A	Q	17008864
ZK1107	18221611	16109731	G	C	Q	17016276
Y11_MPB168	18223025	16111145	T	A	Q	17017690
ZK487	18225471	16113591	A	G	Q	17020136
ZK488	18248180	16136300	A	T	Q	17042840
gn_18258631	18258631	16146751	C	T	Q	17053293
A1214	18269203	16157323	A	G	Q	17063865
ZK1108	18550160	16438280	T	A	Q	17344829
ZK489	18556839	16444959	C	T	Q	17351510
ZK1109	18558256	16446376	A	T	Q	17352927
ZK490	18561612	16449732	T	C	Q	17356283
ZK491	18585268	16473388	C	T	Q	17379936
ZK1110	18587204	16475324	G	A	Q	17381872
ZK492	18587230	16475350	G	T	Q	17381898
ZK493	18588998	16477118	G	T	Q	17383666
ZK494	18601241	16489361	G	T	Q	17395905
ZK495	18606456	16494576	G	A	Q	17401120
ZK496	18607898	16496018	G	T	Q	17402562
ZK497	18611652	16499772	A	T	Q	17406316
ZK498	18621058	16509178	C	T	Q	17415722
ZK499	18629128	16517248	C	T	Q	17423793
ZK500	18637741	16525861	T	C	Q	17432406
YP929	18644191	16532311	G	A	Q	17438856
ZK1111	18650986	16539106	T	C	Q	17445631
ZK501	18653813	16541933	T	C	Q	17448457
ZK502	18655369	16543489	A	G	Q	17450013
ZK503	18663674	16551794	A	C	Q	17458320
ZK504	18669683	16557803	T	A	Q	17464329
ZK505	18672228	16560348	C	T	Q	17466874
ZK1112	18673656	16561776	A	C	Q	17468302
ZK1113	18682125	16570245	A	G	Q	17476796
ZK506	18694035	16582155	C	T	Q	17488713
ZK1114	18713474	16601594	T	C	Q	17508152
ZK1115	18724337	16612457	G	A	Q	17519015
ZK507	18748671	16636791	C	T	Q	17543340
ZK508	18749460	16637580	C	T	Q	17544129
ZK509	18755844	16643964	T	C	Q	17550513
ZK510	18760897	16649017	A	C	Q	17555552
ZK511	18761070	16649190	A	C	Q	17555725
ZK512	18764318	16652438	A	T	Q	17558973
ZK513	18771094	16659214	C	T	Q	17565749
B41	18795121	16683241	A	G	Q	17589777
ZK1116	18801299	16689419	A	G	Q	17595955
ZK514	18803137	16691257	T	C	Q	17597793
ZK515	18803514	16691634	A	T	Q	17598170
ZK516	18805540	16693660	G	A	Q	17600190
ZK517	18807324	16695444	C	T	Q	17601974
ZK518	18813660	16701780	G	A	Q	17608310
ZK1117	18819362	16707482	A	T	Q	17614007
ZK519	18819815	16707935	T	C	Q	17614460
ZK1118	18822710	16710830	T	A	Q	17617355
ZK520	18823975	16712095	G	C	Q	17618620
ZK521	18834158	16722278	T	C	Q	17628803
ZK1119	18848846	16736966	C	A	Q	17643490
ZK1120	18870802	16758922	A	T	Q	17665447
ZK1121	18873640	16761760	T	C	Q	17668273
ZK522	18889864	16777984	T	C	Q	17684497
ZK1122	18893118	16781238	C	T	Q	17687754
ZK1123	18897478	16785598	A	G	Q	17692114
ZK523	18901563	16789683	T	C	Q	17696199
ZK524	18904313	16792433	G	A	Q	17698949
ZK525	18916960	16805080	G	A	Q	17711594
ZK526	18926116	16814236	G	T	Q	17720754
Y202492	18929471	16817591	A	G	Q	
ZK527	18931349	16819469	A	G	Q	17725989
CTS9539	18952261	16840381	T	C	Q	17746886
ZK528	18955581	16843701	A	C	Q	17750206
ZK529	18962959	16851079	T	A	Q	17757588
ZK530	18963184	16851304	C	A	Q	17757813
ZK531	18965038	16853158	C	T	Q	17759667
ZK532	18977455	16865575	C	T	Q	17772078
ZK1124	18983574	16871694	T	A	Q	17778197
ZK533	18999012	16887132	G	T	Q	17793636
ZK1125	19000291	16888411	T	C	Q	17794915
ZK534	19010175	16898295	G	A	Q	17804803
ZK1126	19021569	16909689	T	G	Q	17816197
ZK535	19031920	16920040	C	T	Q	17826548
ZK536	19035287	16923407	C	A	Q	17829915
ZK537	19038682	16926802	C	T	Q	17833306
ZK538	19046368	16934488	C	T	Q	17840992
gn_19050691	19050691	16938811	G	A	Q	17845320
ZK1127	19053995	16942115	T	A	Q	17848624
ZK1128	19055602	16943722	C	A	Q	17850231
ZK539	19056948	16945068	A	T	Q	17851577
ZK540	19067285	16955405	C	A	Q	17861914
ZK541	19068228	16956348	C	A	Q	17862857
rs112104391	19071385	16959505	T	C	Q	17866014
ZK1129	19073691	16961811	G	A	Q	17868320
ZK542	19076412	16964532	C	T	Q	17871019
ZK543	19077515	16965635	T	C	Q	17872122
ZK1130	19088270	16976390	G	A	Q	17882877
Y1_19096090	19096090	16984210	C	T	Q	
M3	19096363	16984483	G	A	Q	17890970
ZK544	19110361	16998481	G	A	Q	17904972
ZK545	19111718	16999838	C	T	Q	17906329
ZK546	19112785	17000905	C	A	Q	17907396
ZK547	19114321	17002441	C	A	Q	17908932
ZK548	19115633	17003753	C	T	Q	17910244
ZK549	19117231	17005351	T	C	Q	17911842
ZK550	19118352	17006472	C	T	Q	17912963
ZK551	19134315	17022435	G	A	Q	17928937
L275	19136888	17025008	G	A	Q	17931507
ZK552	19143833	17031953	T	C	Q	17938450
ZK553	19147543	17035663	A	G	Q	17942160
ZK554	19149722	17037842	T	G	Q	17944339
Y165189	19150027	17038147	G	A	Q	17944644
ZK555	19151393	17039513	A	G	Q	17946010
ZK556	19158271	17046391	A	G	Q	17952888
ZK557	19162042	17050162	T	C	Q	17956659
ZK558	19168560	17056680	A	T	Q	17963178
Y1_19179327	19179327	17067447	G	A	Q	
ZK1131	19181135	17069255	T	C	Q	17975753
ZK559	19186545	17074665	A	G	Q	17981162
ZK1132	19193538	17081658	C	T	Q	17988151
ZK560	19202316	17090436	G	T	Q	17996929
ZK561	19209158	17097278	T	C	Q	18003796
ZK563	19213696	17101816	C	T	Q	18008334
ZK1133	19216250	17104370	C	A	Q	18010888
ZK564	19218761	17106881	C	G	Q	18013399
ZK565	19221761	17109881	C	A	Q	18016399
ZK566	19222238	17110358	G	A	Q	18016876
ZK567	19225368	17113488	T	A	Q	18020006
ZK568	19228272	17116392	G	T	Q	18022902
ZK569	19231880	17120000	C	T	Q	18026509
Y1_rs757579581	19232131	17120251	C	T	Q	
ZK1134	19242728	17130848	G	A	Q	18037361
ZK1135	19251329	17139449	G	T	Q	18045966
ZK1136	19253796	17141916	G	T	Q	18048433
rs747890065	19256677	17144797	A	G	Q	18051314
ZK570	19260629	17148749	C	T	Q	18055266
ZK571	19262420	17150540	A	G	Q	18057057
ZK572	19265139	17153259	G	A	Q	18059776
ZK1137	19269208	17157328	G	T	Q	18063844
ZK573	19275913	17164033	T	C	Q	18070549
ZK574	19288914	17177034	C	A	Q	18083551
gn_19289913	19289913	17178033	C	T	Q	
ZK575	19300451	17188571	C	A	Q	18095088
ZK1138	19300875	17188995	A	G	Q	18095512
ZK1139	19301001	17189121	G	T	Q	18095638
ZK576	19305914	17194034	C	A	Q	18100552
ZK577	19306092	17194212	C	T	Q	18100730
ZK578	19311408	17199528	C	T	Q	18106052
ZK579	19312033	17200153	G	A	Q	18106677
ZK580	19332983	17221103	G	T	Q	18127617
ZK1140	19333716	17221836	G	A	Q	18128351
ZK1141	19336700	17224820	A	G	Q	18131335
ZK581	19347737	17235857	A	G	Q	18142376
ZK582	19360066	17248186	C	T	Q	18154709
ZK583	19364396	17252516	T	C	Q	18159039
gn_19364458	19364458	17252578	G	A	Q	
ZK584	19368226	17256346	C	T	Q	18162869
ZK585	19368791	17256911	G	A	Q	18163434
ZK586	19371878	17259998	A	G	Q	18166521
ZK1142	19372329	17260449	T	C	Q	18166980
ZK587	19374684	17262804	G	T	Q	18169335
ZK1143	19396120	17284240	A	G	Q	18190739
rs978638896	19397759	17285879	G	A	Q	18192378
ZK1144	19411230	17299350	T	C	Q	18205849
ZK588	19412199	17300319	T	C	Q	18206810
ZK589	19415891	17304011	C	A	Q	18210506
ZK590	19418824	17306944	C	G	Q	18213439
ZK591	19418876	17306996	T	C	Q	18213491
ZK592	19419881	17308001	A	G	Q	18214496
CTS10359	19420238	17308358	G	T	Q	18214853
ZK593	19430219	17318339	A	G	Q	18224837
ZK1145	19432418	17320538	T	C	Q	18227036
ZK1146	19438847	17326967	T	C	Q	18233485
ZK594	19439332	17327452	T	A	Q	18233970
ZK595	19443035	17331155	T	C	Q	18237673
ZK596	19444598	17332718	A	G	Q	18239236
ZK597	19458477	17346597	A	G	Q	18253115
ZK598	19468167	17356287	T	C	Q	18262805
ZK599	19475900	17364020	C	T	Q	18270539
ZK600	19477223	17365343	G	C	Q	18271862
ZK1148	19485337	17373457	G	A	Q	18279974
ZK601	19500657	17388777	C	G	Q	18295295
ZK1149	19502325	17390445	G	A	Q	18296963
ZK602	19503939	17392059	C	A	Q	18298577
ZK603	19509831	17397951	A	G	Q	18304469
ZK604	19514377	17402497	G	A	Q	18309015
ZK605	19515484	17403604	A	G	Q	18310122
ZK1150	19515581	17403701	A	G	Q	18310219
ZK1151	19521373	17409493	G	A	Q	18316011
ZK606	19542973	17431093	A	C	Q	18337611
Z35561	19543559	17431679	A	G	Q	18338197
ZK607	19545964	17434084	C	G	Q	18340602
ZK1152	19553978	17442098	T	C	Q	18348616
ZK608	21034173	18872287	C	T	Q	19778774
ZK609	21039034	18877148	T	C	Q	19783635
ZK610	21039235	18877349	C	T	Q	19783836
ZK611	21067404	18905518	C	T	Q	19812005
ZK612	21071425	18909539	G	A	Q	19816040
ZK1153	21093210	18931324	C	A	Q	19837828
ZK613	21098366	18936480	T	C	Q	19842984
ZK1154	21098567	18936681	G	C	Q	19843185
gn_21101762	21101762	18939876	G	A	Q	19846379
Y10784	21103672	18941786	T	C	Q	19848289
ZK614	21124558	18962672	C	T	Q	19869177
ZK615	21134779	18972893	T	G	Q	19879396
M902	21149835	18987949	T	A	Q	19894453
ZK616	21163614	19001728	A	G	Q	19908232
ZK617	21194893	19033007	G	C	Q	19939512
ZK618	21201620	19039734	T	G	Q	19946239
ZK1155	21201621	19039735	G	T	Q	19946240
ZK619	21209569	19047683	G	A	Q	19954188
ZK1156	21212045	19050159	A	T	Q	19956664
ZK620	21217995	19056109	A	G	Q	19962614
ZK1157	21245281	19083395	A	G	Q	19989897
ZK621	21248406	19086520	G	A	Q	19993022
ZK622	21249916	19088030	G	C	Q	19994532
ZK623	21251855	19089969	T	C	Q	19996472
ZK1158	21253975	19092089	A	G	Q	19998592
ZK624	21259334	19097448	G	C	Q	20003951
ZK625	21264162	19102276	G	T	Q	20008779
ZK1159	21268890	19107004	T	C	Q	20013507
ZK1160	21276723	19114837	C	T	Q	20021340
ZK626	21276902	19115016	C	A	Q	20021519
ZK627	21284549	19122663	G	A	Q	20029166
ZK1161	21287134	19125248	G	C	Q	20031751
ZK1162	21288805	19126919	T	C	Q	20033422
ZK628	21296621	19134735	A	G	Q	20041238
ZK1163	21298553	19136667	T	A	Q	20043170
ZK1164	21299667	19137781	G	T	Q	20044284
ZK629	21301586	19139700	G	A	Q	20046203
ZK1165	21303776	19141890	T	C	Q	20048393
ZK630	21307812	19145926	A	G	Q	20052429
ZK631	21316202	19154316	T	A	Q	20060819
ZK1166	21329636	19167750	C	T	Q	20074256
ZK632	21341242	19179356	G	A	Q	20085862
ZK633	21344275	19182389	C	T	Q	20088895
ZK1167	21345271	19183385	A	G	Q	20089891
ZK634	21346237	19184351	C	T	Q	20090857
ZK1168	21368213	19206327	T	A	Q	20112827
ZK635	21386585	19224699	G	T	Q	20131201
ZK636	21387673	19225787	G	T	Q	20132289
ZK637	21398480	19236594	A	T	Q	20143094
ZK638	21399587	19237701	A	G	Q	20144201
ZK639	21401174	19239288	G	A	Q	20145788
ZK1169	21404924	19243038	T	G	Q	20149541
ZK640	21411342	19249456	A	T	Q	20155958
ZK1170	21413711	19251825	A	T	Q	20158330
ZK641	21458552	19296666	C	T	Q	20203171
ZK642	21458851	19296965	T	C	Q	20203470
ZK1171	21461803	19299917	G	A	Q	20206422
ZK1172	21462067	19300181	G	A	Q	20206686
ZK643	21465586	19303700	T	A	Q	20210223
ZK644	21470483	19308597	G	A	Q	20215120
ZK645	21473117	19311231	A	G	Q	20217754
ZK1173	21473205	19311319	G	A	Q	20217842
Y10_21481526	21481526	19319640	G	C	Q	
ZK1174	21488877	19326991	C	T	Q	20233530
ZK646	21491055	19329169	A	G	Q	20235708
ZK1175	21512685	19350799	C	A	Q	20257338
Y10_21515376	21515376	19353490	G	A	Q	20260029
ZK1176	21530604	19368718	T	G	Q	20275255
ZK647	21533653	19371767	C	T	Q	20278304
ZK1177	21545198	19383312	G	A	Q	20289850
ZK648	21548080	19386194	G	C	Q	20292732
ZK1178	21554994	19393108	G	A	Q	20299682
ZK1179	21558096	19396210	T	A	Q	20302784
ZK1180	21558581	19396695	C	A	Q	20303269
Y10_21562790	21562790	19400904	C	A	Q	20307479
ZK649	21566459	19404573	G	A	Q	20311148
ZK650	21569440	19407554	G	A	Q	20314129
ZK651	21571017	19409131	C	A	Q	20315708
Z35570	21572507	19410621	T	C	Q	20317198
ZK1181	21580657	19418771	G	A	Q	20325350
ZK652	21582606	19420720	A	G	Q	20327299
ZK653	21588311	19426425	A	G	Q	20333003
ZK654	21590650	19428764	G	T	Q	20335342
ZK655	21590731	19428845	T	C	Q	20335423
ZK656	21595351	19433465	A	T	Q	20340043
ZK657	21597940	19436054	A	G	Q	20342632
ZK658	21608866	19446980	G	C	Q	20353562
Y1_21609949	21609949	19448063	A	G	Q	
Y1_21610793	21610793	19448907	C	A	Q	
ZK659	21611215	19449329	A	G	Q	20355911
ZK660	21612068	19450182	A	G	Q	20356764
ZK661	21619516	19457630	G	T	Q	20364212
ZK662	21620722	19458836	C	T	Q	20365403
ZK663	21640599	19478713	C	T	Q	20385277
Y1_rs939525090	21646055	19484169	C	T	Q	20390733
ZK664	21661110	19499224	T	A	Q	20405788
ZK665	21672600	19510714	A	G	Q	20417274
ZK666	21672970	19511084	G	A	Q	20417644
ZK667	21682947	19521061	T	C	Q	20427621
ZK668	21685805	19523919	T	C	Q	20430479
ZK669	21688515	19526629	A	G	Q	20433189
ZK670	21690622	19528736	G	A	Q	20435296
ZK671	21696224	19534338	G	C	Q	20440898
ZK672	21702445	19540559	G	T	Q	20447119
ZK673	21704282	19542396	A	G	Q	20448956
ZK674	21707788	19545902	T	C	Q	20452462
ZK675	21712077	19550191	A	G	Q	20456751
ZK676	21712919	19551033	A	C	Q	20457593
Y1_rs779238512	21716226	19554340	C	T	Q	20460900
Z35841	21718405	19556519	T	G	Q	20463079
rs748653011	21722779	19560893	G	A	Q	20467453
ZK1182	21729206	19567320	T	C	Q	20473880
ZK677	21729331	19567445	T	C	Q	20474005
L569	21729827	19567941	A	G	Q	20474501
M19	21733231	19571345	T	A	Q	20477905
ZK678	21733598	19571712	C	T	Q	20478272
gn_21735046	21735046	19573160	A	G	Q	20479720
ZK679	21753091	19591205	G	C	Q	20497765
ZK680	21755138	19593252	T	C	Q	20499812
ZK1183	21761548	19599662	T	C	Q	20506226
ZK681	21771406	19609520	T	C	Q	20516082
ZK682	21777989	19616103	C	T	Q	20522665
ZK683	21779552	19617666	T	G	Q	20524228
ZK1184	21795946	19634060	T	G	Q	20540622
ZK684	21798573	19636687	G	T	Q	20543249
ZK685	21802022	19640136	A	T	Q	20546698
ZK686	21813019	19651133	C	T	Q	20557695
ZK1185	21819512	19657626	C	A	Q	20564188
ZK687	21819840	19657954	G	A	Q	20564516
ZK688	21820177	19658291	G	A	Q	20564853
ZK689	21822217	19660331	C	A	Q	20566893
Z6658	21827401	19665515	T	C	Q	20572079
ZK690	21828185	19666299	C	T	Q	20572862
ZK691	21828194	19666308	A	G	Q	20572871
ZK692	21828485	19666599	T	G	Q	20573162
ZK1186	21835842	19673956	T	G	Q	20580518
ZK693	21838439	19676553	A	C	Q	20583115
Y5_CO14	21839618	19677732	G	T	Q	20584294
ZK1187	21847573	19685687	T	G	Q	20592250
ZK694	21858390	19696504	T	A	Q	20603054
ZK695	21859185	19697299	T	G	Q	20603849
ZK1188	21863391	19701505	A	G	Q	20608055
ZK1189	21866987	19705101	A	G	Q	20611651
ZK696	21869495	19707609	C	T	Q	20614159
ZK697	21869612	19707726	C	G	Q	20614276
rs752773051	21869679	19707793	G	A	Q	
ZK698	21870865	19708979	T	C	Q	20615529
L214	21906607	19744721	T	C	Q	20651271
ZK699	21907282	19745396	A	G	Q	20651946
ZK1190	21915792	19753906	C	T	Q	20660456
ZK700	21927630	19765744	A	G	Q	20672294
ZK701	21927907	19766021	T	G	Q	20672571
ZK702	21972020	19810134	C	A	Q	20716684
ZK1191	21979426	19817540	A	G	Q	20724090
ZK703	21980574	19818688	T	G	Q	20725238
ZK704	21993405	19831519	T	C	Q	20738068
ZK1192	21993626	19831740	G	C	Q	20738289
ZK705	22031045	19869159	G	T	Q	20775707
ZK706	22033793	19871907	C	A	Q	20778455
ZK1193	22036788	19874902	G	A	Q	20781450
Z19436	22045347	19883461	T	C	Q	20790009
ZK1194	22052483	19890597	G	A	Q	20797141
ZK1195	22059379	19897493	A	G	Q	20804037
Y126607	22062036	19900150	C	T	Q	
ZK707	22071723	19909837	T	C	Q	20816381
ZK708	22072502	19910616	C	T	Q	20817160
ZK709	22089722	19927836	T	C	Q	20834380
ZK710	22112888	19951002	T	C	Q	20857544
ZK1196	22118893	19957007	C	T	Q	20863549
ZK1197	22121699	19959813	G	C	Q	20866355
ZK1198	22126480	19964594	C	T	Q	20871136
ZK711	22127143	19965257	A	G	Q	20871799
ZK1199	22132283	19970397	G	T	Q	20876939
ZK712	22132960	19971074	A	G	Q	20877616
ZK1200	22137081	19975195	T	A	Q	20881737
ZK1201	22138342	19976456	T	A	Q	20882998
ZK1202	22140913	19979027	G	T	Q	20885569
ZK713	22141731	19979845	C	G	Q	20886387
ZK714	22147525	19985639	G	A	Q	20892181
ZK715	22148802	19986916	C	T	Q	20893453
Y10_22162360	22162360	20000474	C	T	Q	20907011
ZK716	22165801	20003915	G	A	Q	20910452
ZK1203	22172395	20010509	G	C	Q	20917046
ZK1204	22173519	20011633	T	C	Q	20918170
ZK717	22184202	20022316	G	A	Q	20928853
ZK718	22184405	20022519	C	A	Q	20929056
ZK719	22188910	20027024	C	T	Q	20933560
ZK720	22190491	20028605	T	C	Q	20935141
ZK1205	22212686	20050800	G	A	Q	20957325
Y1_rs1603557500	22293908	20132022	G	T	Q	
Y126908	22471020	20309134	A	T	Q	21184339
Y1_22505832	22505832	20343946	G	T	Q	
Y1_22505875	22505875	20343989	C	G	Q	
ZK1206	22513704	20351818	C	T	Q	21227032
ZK721	22515443	20353557	T	C	Q	21228771
ZK722	22517181	20355295	A	G	Q	21230509
ZK1207	22518278	20356392	A	G	Q	21231606
ZK1208	22521067	20359181	G	A	Q	21234395
ZK1210	22544324	20382438	G	T	Q	21257652
ZK723	22549899	20388013	G	C	Q	21263227
ZK724	22561620	20399734	C	G	Q	21274948
ZK725	22565162	20403276	T	C	Q	21278486
ZK726	22575689	20413803	G	A	Q	21289013
ZK727	22589365	20427479	T	A	Q	21302689
ZK1211	22589542	20427656	A	C	Q	21302866
ZK1212	22590454	20428568	T	C	Q	21303778
ZK729	22595652	20433766	C	T	Q	21308976
ZK730	22595987	20434101	G	T	Q	21309311
ZK1213	22598523	20436637	G	A	Q	21311847
ZK731	22599902	20438016	T	G	Q	21313226
ZK732	22604097	20442211	T	C	Q	21317425
ZK733	22604845	20442959	T	C	Q	21318173
ZK734	22607952	20446066	A	G	Q	21321280
ZK735	22613374	20451488	G	A	Q	21326702
gn_22614591	22614591	20452705	C	A	Q	21327919
ZK736	22616519	20454633	C	T	Q	21329847
ZK1214	22620880	20458994	C	T	Q	21334208
ZK737	22629063	20467177	C	A	Q	21342391
gn_22639039	22639039	20477153	C	T	Q	
ZK738	22656784	20494898	G	T	Q	21370108
ZK739	22657845	20495959	C	T	Q	21371169
Y10_GMP163	22662786	20500900	C	T	Q	21376104
ZK740	22669654	20507768	C	A	Q	21382972
ZK741	22669895	20508009	G	A	Q	21383213
ZK742	22672668	20510782	G	C	Q	21385986
ZK1215	22679155	20517269	G	A	Q	21392473
ZK743	22679773	20517887	G	A	Q	21393091
ZK744	22686911	20525025	T	C	Q	21400229
ZK745	22717966	20556080	C	G	Q	21431286
ZK746	22720427	20558541	G	A	Q	21433747
ZK747	22721243	20559357	A	G	Q	21434563
gn_22725139	22725139	20563253	C	T	Q	21438458
ZK1216	22732023	20570137	G	A	Q	21445342
Y1_22741690	22741690	20579804	C	T	Q	
ZK748	22747941	20586055	G	T	Q	21461261
ZK749	22748170	20586284	C	T	Q	21461490
ZK750	22750912	20589026	G	C	Q	21464232
Y1_22752662	22752662	20590776	G	A	Q	
Y10_22753117	22753117	20591231	T	C	Q	21466437
ZK1217	22766801	20604915	G	A	Q	21480120
ZK751	22786171	20624285	C	T	Q	21499489
ZK752	22797173	20635287	A	G	Q	21510491
Y1_22797693	22797693	20635807	A	G	Q	
ZK753	22802061	20640175	T	C	Q	21515379
ZK754	22802596	20640710	G	A	Q	21515914
CTS10853	22807063	20645177	G	A	Q	21520400
ZK755	22807434	20645548	G	A	Q	21520771
ZK756	22809769	20647883	C	T	Q	21523106
ZK757	22812979	20651093	G	A	Q	21526316
ZK758	22816700	20654814	G	A	Q	21530037
ZK759	22816852	20654966	A	T	Q	21530189
ZK760	22817718	20655832	C	G	Q	21531055
ZK1218	22820587	20658701	G	A	Q	21533924
ZK761	22829113	20667227	C	A	Q	21542450
ZK762	22830034	20668148	C	A	Q	21543371
ZK763	22845567	20683681	T	A	Q	21558904
ZK764	22846566	20684680	G	T	Q	21559903
ZK765	22855199	20693313	G	T	Q	21568536
ZK1219	22861978	20700092	G	C	Q	21575315
ZK766	22863578	20701692	C	A	Q	21576915
ZK1220	22876593	20714707	T	C	Q	21589933
ZK767	22879474	20717588	T	C	Q	21592813
ZK768	22879545	20717659	G	A	Q	21592884
ZK769	22898982	20737096	T	C	Q	21612317
ZK770	22902031	20740145	C	T	Q	21615366
ZK1221	22903313	20741427	C	G	Q	21616648
ZK771	22905905	20744019	C	T	Q	21619240
ZK772	22908968	20747082	A	C	Q	21622303
ZK773	22911311	20749425	G	A	Q	21624646
ZK774	22923682	20761796	A	G	Q	21637019
ZK775	22927185	20765299	C	T	Q	21640522
ZK776	22928146	20766260	A	G	Q	21641483
ZK1222	22929953	20768067	G	C	Q	21643290
ZK777	22930230	20768344	G	A	Q	21643567
ZK1223	22946466	20784580	G	A	Q	21659803
ZK778	22949029	20787143	T	C	Q	21662366
ZK1224	22952780	20790894	G	A	Q	21666117
ZK1225	22952833	20790947	G	A	Q	21666170
ZK779	22957137	20795251	C	T	Q	21670474
ZK780	22957161	20795275	T	C	Q	21670498
ZK1226	22959478	20797592	T	A	Q	21672815
ZK1227	22965080	20803194	G	A	Q	21678417
ZK781	22967001	20805115	A	G	Q	21680338
ZK1228	22980464	20818578	C	A	Q	21693809
ZK782	22991404	20829518	C	G	Q	21704749
ZK783	23024010	20862124	C	T	Q	21737357
ZK784	23048223	20886337	A	G	Q	21761568
YP5753	23049558	20887672	G	A	Q	
ZK785	23054336	20892450	A	C	Q	21767681
ZK1229	23055562	20893676	G	A	Q	21768907
ZK786	23058372	20896486	T	C	Q	21771717
ZK787	23065342	20903456	G	T	Q	21778687
ZK1230	23067337	20905451	T	C	Q	21780682
ZK1231	23072226	20910340	C	T	Q	21785572
ZK788	23072237	20910351	G	A	Q	21785583
CTS11330	23073760	20911874	C	A	Q	21787106
ZK789	23080296	20918410	G	A	Q	21793641
CTS11357	23081524	20919638	G	A	Q	21794869
ZK1232	23088484	20926598	G	T	Q	21801832
ZK790	23090450	20928564	G	A	Q	21803798
ZK791	23093551	20931665	A	T	Q	21806899
ZK1233	23094613	20932727	C	T	Q	21807961
ZK1234	23097703	20935817	C	T	Q	21811051
ZK1235	23098112	20936226	G	T	Q	21811460
ZK1236	23105081	20943195	C	T	Q	21818429
ZK792	23116554	20954668	C	T	Q	21829919
ZK793	23126574	20964688	A	T	Q	21839939
ZK794	23134579	20972693	C	T	Q	21847944
ZK795	23137984	20976098	C	T	Q	21851349
ZK796	23138197	20976311	G	T	Q	21851562
ZK1238	23140460	20978574	A	T	Q	21853825
ZK797	23141324	20979438	A	T	Q	21854689
ZK1239	23145553	20983667	T	C	Q	21858918
ZK798	23150536	20988650	C	T	Q	21863901
ZK799	23151335	20989449	C	T	Q	21864700
ZK1240	23156840	20994954	G	T	Q	21870205
ZK800	23162485	21000599	A	T	Q	21875850
ZK801	23162820	21000934	T	C	Q	21876185
ZK802	23164546	21002660	T	A	Q	21877911
ZK803	23165077	21003191	G	C	Q	21878442
ZK1241	23186722	21024836	C	T	Q	21926107
ZK804	23195012	21033126	T	C	Q	21917816
ZK1243	23197814	21035928	G	T	Q	21915010
ZK805	23200684	21038798	T	C	Q	21912141
ZK806	23201706	21039820	A	C	Q	21911119
ZK1244	23202252	21040366	C	T	Q	21910573
ZK1245	23203670	21041784	T	G	Q	21909155
ZK807	23206756	21044870	C	T	Q	21906069
ZK1246	23207053	21045167	G	A	Q	21905772
ZK808	23207306	21045420	A	T	Q	21905519
ZK809	23234997	21073111	A	G	Q	21948365
ZK810	23238783	21076897	C	T	Q	21952151
ZK811	23240659	21078773	T	C	Q	21954027
ZK812	23243689	21081803	A	T	Q	21957056
ZK813	23246764	21084878	G	A	Q	21960131
ZK814	23247649	21085763	T	C	Q	21961016
ZK815	23252004	21090118	A	G	Q	21965371
ZK816	23261806	21099920	A	C	Q	21975174
ZK817	23261814	21099928	C	T	Q	21975182
ZK818	23266257	21104371	T	G	Q	21979625
ZK1247	23280315	21118429	C	T	Q	21993687
ZK819	23281112	21119226	T	C	Q	21994484
ZK820	23291152	21129266	A	T	Q	22004524
L54	23292782	21130896	G	A	Q	22006154
ZK821	23296813	21134927	A	T	Q	22010183
Y10_23296971	23296971	21135085	A	G	Q	22010341
ZK1248	23302847	21140961	T	C	Q	22016234
ZK822	23313814	21151928	A	T	Q	22027195
ZK823	23323599	21161713	C	G	Q	22036977
ZK824	23328717	21166831	C	G	Q	22042095
ZK1249	23345519	21183633	A	T	Q	22058897
ZK1250	23351733	21189847	A	T	Q	22065112
ZK825	23364005	21202119	T	G	Q	22077384
ZK826	23369020	21207134	C	G	Q	22082399
ZK827	23371142	21209256	C	T	Q	22084521
YP937	23374754	21212868	C	A	Q	22088133
ZK828	23376532	21214646	G	A	Q	22089911
ZK829	23384688	21222802	G	A	Q	22098066
CTS11969	23391298	21229412	T	G	Q	22104676
ZK1251	23398547	21236661	G	A	Q	22111925
ZK830	23406590	21244704	C	T	Q	22119968
ZK831	23408259	21246373	A	G	Q	22121637
ZK1252	23418037	21256151	G	C	Q	22131409
ZK1253	23424098	21262212	G	A	Q	22137470
ZK832	23429109	21267223	G	C	Q	22142481
ZK1254	23440383	21278497	G	A	Q	22153755
ZK833	23450109	21288223	C	G	Q	22163481
ZK834	23456187	21294301	C	T	Q	22169559
ZK835	23456582	21294696	T	C	Q	22169954
ZK1255	23456777	21294891	C	A	Q	22170149
Y1_23473227	23473227	21311341	A	T	Q	
ZK837	23484298	21322412	A	G	Q	22197671
ZK838	23492233	21330347	C	T	Q	22205607
ZK1256	23492402	21330516	A	T	Q	22205776
ZK839	23493833	21331947	C	T	Q	22207207
ZK840	23494094	21332208	T	C	Q	22207468
Y165195	23523805	21361919	C	T	Q	
Y128058	23546798	21384912	C	T	Q	22260173
Y129719	23617849	21455963	C	T	Q	22331226
Y152500	23808866	21646980	G	T	Q	22522216
BZ270	24502838	22356691	C	T	Q	23146667
YP1111	24516576	22370429	T	C	Q	23157429
ZK841	28471573	26325426	G	A	Q	27137331
ZK842	28492421	26346274	T	C	Q	27158177
ZK843	28493788	26347641	T	C	Q	27159543
ZK844	28494905	26348758	C	T	Q	27160660
ZK1259	28497250	26351103	A	G	Q	27163004
Z35597	28502680	26356533	A	G	Q	27168434
ZK845	28504671	26358524	C	A	Q	27170425
ZK1260	28511195	26365048	C	T	Q	27176949
ZK1261	28512450	26366303	T	C	Q	27178204
ZK1262	28512519	26366372	T	C	Q	27178273
ZK1263	28514172	26368025	T	A	Q	27179926
ZK846	28514783	26368636	T	C	Q	27180537
ZK1264	28551811	26405664	C	T	Q	27217565
ZK1265	28552545	26406398	A	G	Q	27218299
ZK1266	28561438	26415291	T	C	Q	27227193
ZK847	28564838	26418691	C	T	Q	27230593
ZK848	28573346	26427199	A	G	Q	27239127
rs74981854	28583590	26437443	A	C	Q	
rs78611711	28583892	26437745	T	C	Q	27249679
ZK1267	28586632	26440485	G	A	Q	27252419
ZK849	28590944	26444797	G	A	Q	27256731
ZK850	28594608	26448461	G	A	Q	27260393
ZK851	28597578	26451431	C	T	Q	27263364
ZK1268	28598174	26452027	T	C	Q	27263960
ZK1269	28603262	26457115	A	T	Q	27269048
Y11_MPB169	28622574	26476427	T	A	Q	27288360
ZK1270	28625255	26479108	C	T	Q	27291041
ZK852	28626592	26480445	G	T	Q	27292378
ZK1271	28630092	26483945	C	A	Q	27295884
ZK1272	28638279	26492132	A	T	Q	27304071
ZK853	28639650	26493503	G	C	Q	27305442
ZK854	28645805	26499658	C	T	Q	27311599
ZK855	28647373	26501226	C	T	Q	27313167
ZK1273	28648554	26502407	T	C	Q	27314348
ZK1274	28654236	26508089	G	A	Q	27320030
ZK856	28655870	26509723	A	G	Q	27321664
ZK857	28656647	26510500	C	G	Q	27322441
ZK858	28659637	26513490	C	A	Q	27325431
ZK859	28660122	26513975	A	T	Q	27325916
ZK860	28660615	26514468	T	C	Q	27326409
ZK861	28661287	26515140	C	T	Q	27327081
rs9785798	28680422	26534275	C	T	Q	
ZK1276	28681291	26535144	C	T	Q	27347084
ZK862	28686825	26540678	T	C	Q	27352618
ZK1277	28688609	26542462	C	A	Q	27354402
ZK1278	28699595	26553448	C	T	Q	27365388
ZK863	28701907	26555760	T	C	Q	27367710
ZK864	28705794	26559647	T	G	Q	27371597
ZK865	28709046	26562899	C	T	Q	27374849
ZK866	28709455	26563308	A	T	Q	27375258
ZK867	28711344	26565197	C	A	Q	27377147
ZK1279	28713093	26566946	A	G	Q	27378898
ZK868	28718622	26572475	G	A	Q	27384427
ZK869	28732697	26586550	A	G	Q	27398501
ZK870	28732794	26586647	A	G	Q	27398598
ZK871	28738597	26592450	A	G	Q	27404401
ZK872	28747275	26601128	A	G	Q	27413079
ZK873	28756242	26610095	G	A	Q	27422047
ZK874	28758144	26611997	C	T	Q	27423949
ZK1280	28759844	26613697	A	G	Q	27425649
ZK1281	28762421	26616274	T	C	Q	27428227
ZK1282	28764277	26618130	C	T	Q	27430084
ZK875	28764915	26618768	G	A	Q	27430722
ZK876	28766686	26620539	G	A	Q	27432493
ZK877	28766728	26620581	C	T	Q	27432535
ZK878	28774952	26628805	T	C	Q	27440759
ZK879	28775764	26629617	C	T	Q	27441571
ZK880	28776828	26630681	T	A	Q	27442635
ZK881	28777993	26631846	G	A	Q	27443800
ZK882	28781455	26635308	G	C	Q	27447264
ZK883	28782958	26636811	T	C	Q	27448767
ZK1283	28787021	26640874	T	G	Q	27452830
ZK1284	28799004	26652857	G	A	Q	
ZK1285	28800412	26654265	A	G	Q	
rs200189258	28804131	26657984	A	G	Q	
rs371003537	28804982	26658835	C	A	Q	
ZK1287	28805050	26658903	C	T	Q	
ZK1291	28811505	26665358	A	T	Q	
rs200778010	28814983	26668836	G	T	Q	
rs2641209	58968074	56821927	G	A	Q	
