hgs	0	1	2	3	4	5	6	7	8	9	10	11	12	13	14	15	16	17	18	19	20	21	22	23	24	25	26	27	28	29	30	31	32
A00	ROOT	L1086,L1159,L1284																															
A0'1'2'3'4	ROOT	L1085,L1130,L1155																															
A0	ROOT	L1085,L1130,L1155	V148,V166,L896,L991																														
A0a	ROOT	L1085,L1130,L1155	V148,V166,L896,L991	L979,L980,L987																													
A0a	ROOT	L1085,L1130,L1155	V148,V166,L896,L991	L979,L980,L987	V164,L1075																												
A0a	ROOT	L1085,L1130,L1155	V148,V166,L896,L991	L979,L980,L987	L994,L981																												
A0b	ROOT	L1085,L1130,L1155	V148,V166,L896,L991	L1036,L1058																													
A1'2'3'4	ROOT	L1085,L1130,L1155	V168,V171,P305																														
A1	ROOT	L1085,L1130,L1155	V168,V171,P305	M31,P82,V4																													
A2'3'4	ROOT	L1085,L1130,L1155	V168,V171,P305	P108,V221																													
A2'3	ROOT	L1085,L1130,L1155	V168,V171,P305	P108,V221	L419,PK1																												
A2	ROOT	L1085,L1130,L1155	V168,V171,P305	P108,V221	L419,PK1	V50,L602																											
A2	ROOT	L1085,L1130,L1155	V168,V171,P305	P108,V221	L419,PK1	V50,L602	P3,M14																										
A2	ROOT	L1085,L1130,L1155	V168,V171,P305	P108,V221	L419,PK1	V50,L602	P3,M14	M6																									
A2	ROOT	L1085,L1130,L1155	V168,V171,P305	P108,V221	L419,PK1	V50,L602	P3,M14	M6	P28																								
A2	ROOT	L1085,L1130,L1155	V168,V171,P305	P108,V221	L419,PK1	V50,L602	P3,M14	M6	L963																								
A3	ROOT	L1085,L1130,L1155	V168,V171,P305	P108,V221	L419,PK1	M32																											
A3	ROOT	L1085,L1130,L1155	V168,V171,P305	P108,V221	L419,PK1	M32	M28																										
A3	ROOT	L1085,L1130,L1155	V168,V171,P305	P108,V221	L419,PK1	M32	M144,M190,P289																										
A3	ROOT	L1085,L1130,L1155	V168,V171,P305	P108,V221	L419,PK1	M32	M144,M190,P289	M51																									
A3	ROOT	L1085,L1130,L1155	V168,V171,P305	P108,V221	L419,PK1	M32	M144,M190,P289	M13,M202,V10																									
A3	ROOT	L1085,L1130,L1155	V168,V171,P305	P108,V221	L419,PK1	M32	M144,M190,P289	M13,M202,V10	M118																								
A4=BCDEF	ROOT	L1085,L1130,L1155	V168,V171,P305	P108,V221	M42,P97																												
B	ROOT	L1085,L1130,L1155	V168,V171,P305	P108,V221	M42,P97	M60,M181,V244																											
B1	ROOT	L1085,L1130,L1155	V168,V171,P305	P108,V221	M42,P97	M60,M181,V244	M236																										
B2	ROOT	L1085,L1130,L1155	V168,V171,P305	P108,V221	M42,P97	M60,M181,V244	M182,P85,P90																										
B2a	ROOT	L1085,L1130,L1155	V168,V171,P305	P108,V221	M42,P97	M60,M181,V244	M182,P85,P90	M150																									
B2a	ROOT	L1085,L1130,L1155	V168,V171,P305	P108,V221	M42,P97	M60,M181,V244	M182,P85,P90	M150	V78																								
B2a	ROOT	L1085,L1130,L1155	V168,V171,P305	P108,V221	M42,P97	M60,M181,V244	M182,P85,P90	M150	V78	V75,V197																							
B2a	ROOT	L1085,L1130,L1155	V168,V171,P305	P108,V221	M42,P97	M60,M181,V244	M182,P85,P90	M150	V78	V75,V197	M218																						
B2a	ROOT	L1085,L1130,L1155	V168,V171,P305	P108,V221	M42,P97	M60,M181,V244	M182,P85,P90	M150	V78	V75,V197	M218	V62,V227																					
B2a	ROOT	L1085,L1130,L1155	V168,V171,P305	P108,V221	M42,P97	M60,M181,V244	M182,P85,P90	M150	V78	V75,V197	M218	V62,V227	M109,M152,P32																				
B2a	ROOT	L1085,L1130,L1155	V168,V171,P305	P108,V221	M42,P97	M60,M181,V244	M182,P85,P90	M150	V78	V75,V197	M218	G1																					
B2b	ROOT	L1085,L1130,L1155	V168,V171,P305	P108,V221	M42,P97	M60,M181,V244	M182,P85,P90	M112																									
B2b	ROOT	L1085,L1130,L1155	V168,V171,P305	P108,V221	M42,P97	M60,M181,V244	M182,P85,P90	M112	M192,50f2P																								
B2b	ROOT	L1085,L1130,L1155	V168,V171,P305	P108,V221	M42,P97	M60,M181,V244	M182,P85,P90	M112	M192,50f2P	M8495,M8497																							
B2b	ROOT	L1085,L1130,L1155	V168,V171,P305	P108,V221	M42,P97	M60,M181,V244	M182,P85,P90	M112	M192,50f2P	M8495,M8497	M8351,M8348																						
B2b	ROOT	L1085,L1130,L1155	V168,V171,P305	P108,V221	M42,P97	M60,M181,V244	M182,P85,P90	M112	M192,50f2P	M8495,M8497	M8351,M8348	M8341,M8342																					
B2b	ROOT	L1085,L1130,L1155	V168,V171,P305	P108,V221	M42,P97	M60,M181,V244	M182,P85,P90	M112	M192,50f2P	M8495,M8497	M8351,M8348	M8035,M8036																					
B2b	ROOT	L1085,L1130,L1155	V168,V171,P305	P108,V221	M42,P97	M60,M181,V244	M182,P85,P90	M112	M192,50f2P	M8495,M8497	M7583,M7585																						
B2b	ROOT	L1085,L1130,L1155	V168,V171,P305	P108,V221	M42,P97	M60,M181,V244	M182,P85,P90	M112	M192,50f2P	M7104,M7106																							
B2b	ROOT	L1085,L1130,L1155	V168,V171,P305	P108,V221	M42,P97	M60,M181,V244	M182,P85,P90	M112	M192,50f2P	M7104,M7106	P6,M6529																						
B3	ROOT	L1085,L1130,L1155	V168,V171,P305	P108,V221	M42,P97	M60,M181,V244	L1388,L1394																										
CDEF	ROOT	L1085,L1130,L1155	V168,V171,P305	P108,V221	M42,P97	M168																											
DE	ROOT	L1085,L1130,L1155	V168,V171,P305	P108,V221	M42,P97	M168	M145,M203																										
D	ROOT	L1085,L1130,L1155	V168,V171,P305	P108,V221	M42,P97	M168	M145,M203	M174,CTS94,JST021355																									
D1	ROOT	L1085,L1130,L1155	V168,V171,P305	P108,V221	M42,P97	M168	M145,M203	M174,CTS94,JST021355	M15																								
D1	ROOT	L1085,L1130,L1155	V168,V171,P305	P108,V221	M42,P97	M168	M145,M203	M174,CTS94,JST021355	M15	N1																							
D2	ROOT	L1085,L1130,L1155	V168,V171,P305	P108,V221	M42,P97	M168	M145,M203	M174,CTS94,JST021355	M55,M179																								
D2	ROOT	L1085,L1130,L1155	V168,V171,P305	P108,V221	M42,P97	M168	M145,M203	M174,CTS94,JST021355	M55,M179	L1375,M116																							
D2	ROOT	L1085,L1130,L1155	V168,V171,P305	P108,V221	M42,P97	M168	M145,M203	M174,CTS94,JST021355	M55,M179	L1375,M116	M125,Z1627																						
D2	ROOT	L1085,L1130,L1155	V168,V171,P305	P108,V221	M42,P97	M168	M145,M203	M174,CTS94,JST021355	M55,M179	L1375,M116	M125,Z1627	P42																					
D2	ROOT	L1085,L1130,L1155	V168,V171,P305	P108,V221	M42,P97	M168	M145,M203	M174,CTS94,JST021355	M55,M179	L1375,M116	M125,Z1627	JST022457																					
D2	ROOT	L1085,L1130,L1155	V168,V171,P305	P108,V221	M42,P97	M168	M145,M203	M174,CTS94,JST021355	M55,M179	L1375,M116	M125,Z1627	JST022457	JST006841																				
D2	ROOT	L1085,L1130,L1155	V168,V171,P305	P108,V221	M42,P97	M168	M145,M203	M174,CTS94,JST021355	M55,M179	L1375,M116	Z1569,Z1576																						
D2	ROOT	L1085,L1130,L1155	V168,V171,P305	P108,V221	M42,P97	M168	M145,M203	M174,CTS94,JST021355	M55,M179	Z1516,Z1520																							
D3	ROOT	L1085,L1130,L1155	V168,V171,P305	P108,V221	M42,P97	M168	M145,M203	M174,CTS94,JST021355	P99																								
D3	ROOT	L1085,L1130,L1155	V168,V171,P305	P108,V221	M42,P97	M168	M145,M203	M174,CTS94,JST021355	P99	P47																							
E	ROOT	L1085,L1130,L1155	V168,V171,P305	P108,V221	M42,P97	M168	M145,M203	M96,M40,P29																									
E1	ROOT	L1085,L1130,L1155	V168,V171,P305	P108,V221	M42,P97	M168	M145,M203	M96,M40,P29	P147																								
E1a	ROOT	L1085,L1130,L1155	V168,V171,P305	P108,V221	M42,P97	M168	M145,M203	M96,M40,P29	P147	M33,M132																							
E1a	ROOT	L1085,L1130,L1155	V168,V171,P305	P108,V221	M42,P97	M168	M145,M203	M96,M40,P29	P147	M33,M132	M44																						
E1b	ROOT	L1085,L1130,L1155	V168,V171,P305	P108,V221	M42,P97	M168	M145,M203	M96,M40,P29	P147	P177																							
E1b1	ROOT	L1085,L1130,L1155	V168,V171,P305	P108,V221	M42,P97	M168	M145,M203	M96,M40,P29	P147	P177	P2,P179																						
E1b1a	ROOT	L1085,L1130,L1155	V168,V171,P305	P108,V221	M42,P97	M168	M145,M203	M96,M40,P29	P147	P177	P2,P179	V38,L222																					
E1b1a	ROOT	L1085,L1130,L1155	V168,V171,P305	P108,V221	M42,P97	M168	M145,M203	M96,M40,P29	P147	P177	P2,P179	V38,L222	M2,P1,P189,V95																				
E1b1a	ROOT	L1085,L1130,L1155	V168,V171,P305	P108,V221	M42,P97	M168	M145,M203	M96,M40,P29	P147	P177	P2,P179	V38,L222	M2,P1,P189,V95	M180																			
E1b1a	ROOT	L1085,L1130,L1155	V168,V171,P305	P108,V221	M42,P97	M168	M145,M203	M96,M40,P29	P147	P177	P2,P179	V38,L222	M2,P1,P189,V95	M180	L485																		
E1b1a	ROOT	L1085,L1130,L1155	V168,V171,P305	P108,V221	M42,P97	M168	M145,M203	M96,M40,P29	P147	P177	P2,P179	V38,L222	M2,P1,P189,V95	M180	L485	L514																	
E1b1a	ROOT	L1085,L1130,L1155	V168,V171,P305	P108,V221	M42,P97	M168	M145,M203	M96,M40,P29	P147	P177	P2,P179	V38,L222	M2,P1,P189,V95	M180	L485	L514	M191																
E1b1a	ROOT	L1085,L1130,L1155	V168,V171,P305	P108,V221	M42,P97	M168	M145,M203	M96,M40,P29	P147	P177	P2,P179	V38,L222	M2,P1,P189,V95	M180	L485	L514	M191	U174															
E1b1a	ROOT	L1085,L1130,L1155	V168,V171,P305	P108,V221	M42,P97	M168	M145,M203	M96,M40,P29	P147	P177	P2,P179	V38,L222	M2,P1,P189,V95	M180	U175																		
E1b1a	ROOT	L1085,L1130,L1155	V168,V171,P305	P108,V221	M42,P97	M168	M145,M203	M96,M40,P29	P147	P177	P2,P179	V38,L222	M2,P1,P189,V95	M180	U175	U209																	
E1b1a	ROOT	L1085,L1130,L1155	V168,V171,P305	P108,V221	M42,P97	M168	M145,M203	M96,M40,P29	P147	P177	P2,P179	V38,L222	M2,P1,P189,V95	M180	U175	U209	U290																
E1b1a	ROOT	L1085,L1130,L1155	V168,V171,P305	P108,V221	M42,P97	M168	M145,M203	M96,M40,P29	P147	P177	P2,P179	V38,L222	M2,P1,P189,V95	M180	U175	U209	U290	U181															
E1b1a	ROOT	L1085,L1130,L1155	V168,V171,P305	P108,V221	M42,P97	M168	M145,M203	M96,M40,P29	P147	P177	P2,P179	V38,L222	M2,P1,P189,V95	Z5994																			
E1b1b	ROOT	L1085,L1130,L1155	V168,V171,P305	P108,V221	M42,P97	M168	M145,M203	M96,M40,P29	P147	P177	P2,P179	M215																					
E1b1b	ROOT	L1085,L1130,L1155	V168,V171,P305	P108,V221	M42,P97	M168	M145,M203	M96,M40,P29	P147	P177	P2,P179	M215	M35,L336																				
E1b1b	ROOT	L1085,L1130,L1155	V168,V171,P305	P108,V221	M42,P97	M168	M145,M203	M96,M40,P29	P147	P177	P2,P179	M215	M35,L336	V68																			
E1b1b	ROOT	L1085,L1130,L1155	V168,V171,P305	P108,V221	M42,P97	M168	M145,M203	M96,M40,P29	P147	P177	P2,P179	M215	M35,L336	V68	M78																		
E1b1b	ROOT	L1085,L1130,L1155	V168,V171,P305	P108,V221	M42,P97	M168	M145,M203	M96,M40,P29	P147	P177	P2,P179	M215	M35,L336	V68	M78	Z1902																	
E1b1b	ROOT	L1085,L1130,L1155	V168,V171,P305	P108,V221	M42,P97	M168	M145,M203	M96,M40,P29	P147	P177	P2,P179	M215	M35,L336	V68	M78	Z1902	V12																
E1b1b	ROOT	L1085,L1130,L1155	V168,V171,P305	P108,V221	M42,P97	M168	M145,M203	M96,M40,P29	P147	P177	P2,P179	M215	M35,L336	V68	M78	Z1902	V12	V32															
E1b1b	ROOT	L1085,L1130,L1155	V168,V171,P305	P108,V221	M42,P97	M168	M145,M203	M96,M40,P29	P147	P177	P2,P179	M215	M35,L336	V68	M78	Z1902	V65																
E1b1b	ROOT	L1085,L1130,L1155	V168,V171,P305	P108,V221	M42,P97	M168	M145,M203	M96,M40,P29	P147	P177	P2,P179	M215	M35,L336	V68	M78	Z1919,Z1920																	
E1b1b	ROOT	L1085,L1130,L1155	V168,V171,P305	P108,V221	M42,P97	M168	M145,M203	M96,M40,P29	P147	P177	P2,P179	M215	M35,L336	V68	M78	Z1919,Z1920	L618																
E1b1b	ROOT	L1085,L1130,L1155	V168,V171,P305	P108,V221	M42,P97	M168	M145,M203	M96,M40,P29	P147	P177	P2,P179	M215	M35,L336	V68	M78	Z1919,Z1920	L618	V13,V36															
E1b1b	ROOT	L1085,L1130,L1155	V168,V171,P305	P108,V221	M42,P97	M168	M145,M203	M96,M40,P29	P147	P177	P2,P179	M215	M35,L336	V68	M78	Z1919,Z1920	V22																
E1b1b	ROOT	L1085,L1130,L1155	V168,V171,P305	P108,V221	M42,P97	M168	M145,M203	M96,M40,P29	P147	P177	P2,P179	M215	M35,L336	V68	M78	M521																	
E1b1b	ROOT	L1085,L1130,L1155	V168,V171,P305	P108,V221	M42,P97	M168	M145,M203	M96,M40,P29	P147	P177	P2,P179	M215	M35,L336	Z827																			
E1b1b	ROOT	L1085,L1130,L1155	V168,V171,P305	P108,V221	M42,P97	M168	M145,M203	M96,M40,P29	P147	P177	P2,P179	M215	M35,L336	Z827	M310																		
E1b1b	ROOT	L1085,L1130,L1155	V168,V171,P305	P108,V221	M42,P97	M168	M145,M203	M96,M40,P29	P147	P177	P2,P179	M215	M35,L336	Z827	M310	M81																	
E1b1b	ROOT	L1085,L1130,L1155	V168,V171,P305	P108,V221	M42,P97	M168	M145,M203	M96,M40,P29	P147	P177	P2,P179	M215	M35,L336	Z827	M310	M81	M183																
E1b1b	ROOT	L1085,L1130,L1155	V168,V171,P305	P108,V221	M42,P97	M168	M145,M203	M96,M40,P29	P147	P177	P2,P179	M215	M35,L336	Z827	Z830																		
E1b1b	ROOT	L1085,L1130,L1155	V168,V171,P305	P108,V221	M42,P97	M168	M145,M203	M96,M40,P29	P147	P177	P2,P179	M215	M35,L336	Z827	Z830	M123																	
E1b1b	ROOT	L1085,L1130,L1155	V168,V171,P305	P108,V221	M42,P97	M168	M145,M203	M96,M40,P29	P147	P177	P2,P179	M215	M35,L336	Z827	Z830	M123	M34																
E1b1b	ROOT	L1085,L1130,L1155	V168,V171,P305	P108,V221	M42,P97	M168	M145,M203	M96,M40,P29	P147	P177	P2,P179	M215	M35,L336	Z827	Z830	M123	M34	M84															
E1b1b	ROOT	L1085,L1130,L1155	V168,V171,P305	P108,V221	M42,P97	M168	M145,M203	M96,M40,P29	P147	P177	P2,P179	M215	M35,L336	Z827	Z830	M293																	
E1b1b	ROOT	L1085,L1130,L1155	V168,V171,P305	P108,V221	M42,P97	M168	M145,M203	M96,M40,P29	P147	P177	P2,P179	M215	M35,L336	V6																			
E1b1b	ROOT	L1085,L1130,L1155	V168,V171,P305	P108,V221	M42,P97	M168	M145,M203	M96,M40,P29	P147	P177	P2,P179	M215	M281,V16																				
E2	ROOT	L1085,L1130,L1155	V168,V171,P305	P108,V221	M42,P97	M168	M145,M203	M96,M40,P29	M75																								
CF	ROOT	L1085,L1130,L1155	V168,V171,P305	P108,V221	M42,P97	M168	P143																										
C	ROOT	L1085,L1130,L1155	V168,V171,P305	P108,V221	M42,P97	M168	P143	M130,M216																									
C1	ROOT	L1085,L1130,L1155	V168,V171,P305	P108,V221	M42,P97	M168	P143	M130,M216	K29,F3393																								
C1a	ROOT	L1085,L1130,L1155	V168,V171,P305	P108,V221	M42,P97	M168	P143	M130,M216	K29,F3393	CTS11043																							
C1a	ROOT	L1085,L1130,L1155	V168,V171,P305	P108,V221	M42,P97	M168	P143	M130,M216	K29,F3393	CTS11043	M8,M105																						
C1a	ROOT	L1085,L1130,L1155	V168,V171,P305	P108,V221	M42,P97	M168	P143	M130,M216	K29,F3393	CTS11043	V20																						
C1b	ROOT	L1085,L1130,L1155	V168,V171,P305	P108,V221	M42,P97	M168	P143	M130,M216	K29,F3393	F1370																							
C1b	ROOT	L1085,L1130,L1155	V168,V171,P305	P108,V221	M42,P97	M168	P143	M130,M216	K29,F3393	F1370	K281																						
C1b	ROOT	L1085,L1130,L1155	V168,V171,P305	P108,V221	M42,P97	M168	P143	M130,M216	K29,F3393	F1370	K281	M356																					
C1b	ROOT	L1085,L1130,L1155	V168,V171,P305	P108,V221	M42,P97	M168	P143	M130,M216	K29,F3393	F1370	K281	M356	P92,K88																				
C1b	ROOT	L1085,L1130,L1155	V168,V171,P305	P108,V221	M42,P97	M168	P143	M130,M216	K29,F3393	F1370	K281	M356	P92,K88	K60,K362																			
C1b	ROOT	L1085,L1130,L1155	V168,V171,P305	P108,V221	M42,P97	M168	P143	M130,M216	K29,F3393	F1370	K281	M356	Z5899																				
C1b	ROOT	L1085,L1130,L1155	V168,V171,P305	P108,V221	M42,P97	M168	P143	M130,M216	K29,F3393	F1370	K281	B65																					
C1b	ROOT	L1085,L1130,L1155	V168,V171,P305	P108,V221	M42,P97	M168	P143	M130,M216	K29,F3393	F1370	B477,SK1010,PH1321,Z31879																						
C1b	ROOT	L1085,L1130,L1155	V168,V171,P305	P108,V221	M42,P97	M168	P143	M130,M216	K29,F3393	F1370	B477,SK1010,PH1321,Z31879	M38																					
C1b	ROOT	L1085,L1130,L1155	V168,V171,P305	P108,V221	M42,P97	M168	P143	M130,M216	K29,F3393	F1370	B477,SK1010,PH1321,Z31879	M38	M208																				
C1b	ROOT	L1085,L1130,L1155	V168,V171,P305	P108,V221	M42,P97	M168	P143	M130,M216	K29,F3393	F1370	B477,SK1010,PH1321,Z31879	M38	M208	P33																			
C1b	ROOT	L1085,L1130,L1155	V168,V171,P305	P108,V221	M42,P97	M168	P143	M130,M216	K29,F3393	F1370	B477,SK1010,PH1321,Z31879	M38	P355																				
C1b	ROOT	L1085,L1130,L1155	V168,V171,P305	P108,V221	M42,P97	M168	P143	M130,M216	K29,F3393	F1370	B477,SK1010,PH1321,Z31879	PH41,PH338,PH4186,PH4682																					
C1b	ROOT	L1085,L1130,L1155	V168,V171,P305	P108,V221	M42,P97	M168	P143	M130,M216	K29,F3393	F1370	B477,SK1010,PH1321,Z31879	PH41,PH338,PH4186,PH4682	M347,PH475,PH2398,PH5224																				
C1b	ROOT	L1085,L1130,L1155	V168,V171,P305	P108,V221	M42,P97	M168	P143	M130,M216	K29,F3393	F1370	B477,SK1010,PH1321,Z31879	PH41,PH338,PH4186,PH4682	M347,PH475,PH2398,PH5224	M210																			
C1b	ROOT	L1085,L1130,L1155	V168,V171,P305	P108,V221	M42,P97	M168	P143	M130,M216	K29,F3393	F1370	B477,SK1010,PH1321,Z31879	PH41,PH338,PH4186,PH4682	M347,PH475,PH2398,PH5224	PH702,PH767,PH4949																			
C2	ROOT	L1085,L1130,L1155	V168,V171,P305	P108,V221	M42,P97	M168	P143	M130,M216	M217,P44,Z1453																								
C2	ROOT	L1085,L1130,L1155	V168,V171,P305	P108,V221	M42,P97	M168	P143	M130,M216	M217,P44,Z1453	L1373																							
C2	ROOT	L1085,L1130,L1155	V168,V171,P305	P108,V221	M42,P97	M168	P143	M130,M216	M217,P44,Z1453	L1373	F3918																						
C2	ROOT	L1085,L1130,L1155	V168,V171,P305	P108,V221	M42,P97	M168	P143	M130,M216	M217,P44,Z1453	L1373	F3918	P39																					
C2	ROOT	L1085,L1130,L1155	V168,V171,P305	P108,V221	M42,P97	M168	P143	M130,M216	M217,P44,Z1453	L1373	M48																						
C2	ROOT	L1085,L1130,L1155	V168,V171,P305	P108,V221	M42,P97	M168	P143	M130,M216	M217,P44,Z1453	L1373	M401,P369																						
C2	ROOT	L1085,L1130,L1155	V168,V171,P305	P108,V221	M42,P97	M168	P143	M130,M216	M217,P44,Z1453	Z1338,M386,F1144,P323																							
C2	ROOT	L1085,L1130,L1155	V168,V171,P305	P108,V221	M42,P97	M168	P143	M130,M216	M217,P44,Z1453	Z1338,M386,F1144,P323	Z1300																						
C2	ROOT	L1085,L1130,L1155	V168,V171,P305	P108,V221	M42,P97	M168	P143	M130,M216	M217,P44,Z1453	Z1338,M386,F1144,P323	F845,K550																						
F	ROOT	L1085,L1130,L1155	V168,V171,P305	P108,V221	M42,P97	M168	P143	M89,M213,P14																									
GHIJKLT	ROOT	L1085,L1130,L1155	V168,V171,P305	P108,V221	M42,P97	M168	P143	M89,M213,P14	F1329																								
G	ROOT	L1085,L1130,L1155	V168,V171,P305	P108,V221	M42,P97	M168	P143	M89,M213,P14	F1329	M201,P257																							
G1	ROOT	L1085,L1130,L1155	V168,V171,P305	P108,V221	M42,P97	M168	P143	M89,M213,P14	F1329	M201,P257	M285,M342,L833																						
G2	ROOT	L1085,L1130,L1155	V168,V171,P305	P108,V221	M42,P97	M168	P143	M89,M213,P14	F1329	M201,P257	P287,L156																						
G2a	ROOT	L1085,L1130,L1155	V168,V171,P305	P108,V221	M42,P97	M168	P143	M89,M213,P14	F1329	M201,P257	P287,L156	P15,U5,L31																					
G2a1	ROOT	L1085,L1130,L1155	V168,V171,P305	P108,V221	M42,P97	M168	P143	M89,M213,P14	F1329	M201,P257	P287,L156	P15,U5,L31	L293																				
G2a1	ROOT	L1085,L1130,L1155	V168,V171,P305	P108,V221	M42,P97	M168	P143	M89,M213,P14	F1329	M201,P257	P287,L156	P15,U5,L31	L293	Z6717,Z6718																			
G2a2	ROOT	L1085,L1130,L1155	V168,V171,P305	P108,V221	M42,P97	M168	P143	M89,M213,P14	F1329	M201,P257	P287,L156	P15,U5,L31	L1259,PF2824																				
G2a2a	ROOT	L1085,L1130,L1155	V168,V171,P305	P108,V221	M42,P97	M168	P143	M89,M213,P14	F1329	M201,P257	P287,L156	P15,U5,L31	L1259,PF2824	PF3146,L223																			
G2a2a	ROOT	L1085,L1130,L1155	V168,V171,P305	P108,V221	M42,P97	M168	P143	M89,M213,P14	F1329	M201,P257	P287,L156	P15,U5,L31	L1259,PF2824	PF3146,L223	L91																		
G2a2b	ROOT	L1085,L1130,L1155	V168,V171,P305	P108,V221	M42,P97	M168	P143	M89,M213,P14	F1329	M201,P257	P287,L156	P15,U5,L31	L1259,PF2824	U8,L30,M485																			
G2a2b	ROOT	L1085,L1130,L1155	V168,V171,P305	P108,V221	M42,P97	M168	P143	M89,M213,P14	F1329	M201,P257	P287,L156	P15,U5,L31	L1259,PF2824	U8,L30,M485	M406																		
G2a2b	ROOT	L1085,L1130,L1155	V168,V171,P305	P108,V221	M42,P97	M168	P143	M89,M213,P14	F1329	M201,P257	P287,L156	P15,U5,L31	L1259,PF2824	U8,L30,M485	M406	U16,L90																	
G2a2b	ROOT	L1085,L1130,L1155	V168,V171,P305	P108,V221	M42,P97	M168	P143	M89,M213,P14	F1329	M201,P257	P287,L156	P15,U5,L31	L1259,PF2824	U8,L30,M485	M406	L645																	
G2a2b	ROOT	L1085,L1130,L1155	V168,V171,P305	P108,V221	M42,P97	M168	P143	M89,M213,P14	F1329	M201,P257	P287,L156	P15,U5,L31	L1259,PF2824	U8,L30,M485	CTS5762,CTS2488																		
G2a2b	ROOT	L1085,L1130,L1155	V168,V171,P305	P108,V221	M42,P97	M168	P143	M89,M213,P14	F1329	M201,P257	P287,L156	P15,U5,L31	L1259,PF2824	U8,L30,M485	CTS5762,CTS2488	P303																	
G2a2b	ROOT	L1085,L1130,L1155	V168,V171,P305	P108,V221	M42,P97	M168	P143	M89,M213,P14	F1329	M201,P257	P287,L156	P15,U5,L31	L1259,PF2824	U8,L30,M485	CTS5762,CTS2488	P303	L140,Z764																
G2a2b	ROOT	L1085,L1130,L1155	V168,V171,P305	P108,V221	M42,P97	M168	P143	M89,M213,P14	F1329	M201,P257	P287,L156	P15,U5,L31	L1259,PF2824	U8,L30,M485	CTS5762,CTS2488	P303	L140,Z764	U1															
G2a2b	ROOT	L1085,L1130,L1155	V168,V171,P305	P108,V221	M42,P97	M168	P143	M89,M213,P14	F1329	M201,P257	P287,L156	P15,U5,L31	L1259,PF2824	U8,L30,M485	CTS5762,CTS2488	P303	L140,Z764	U1	U13,M527														
G2a2b	ROOT	L1085,L1130,L1155	V168,V171,P305	P108,V221	M42,P97	M168	P143	M89,M213,P14	F1329	M201,P257	P287,L156	P15,U5,L31	L1259,PF2824	U8,L30,M485	CTS5762,CTS2488	P303	L140,Z764	CTS342															
G2a2b	ROOT	L1085,L1130,L1155	V168,V171,P305	P108,V221	M42,P97	M168	P143	M89,M213,P14	F1329	M201,P257	P287,L156	P15,U5,L31	L1259,PF2824	U8,L30,M485	CTS5762,CTS2488	P303	L140,Z764	CTS342	Z724														
G2a2b	ROOT	L1085,L1130,L1155	V168,V171,P305	P108,V221	M42,P97	M168	P143	M89,M213,P14	F1329	M201,P257	P287,L156	P15,U5,L31	L1259,PF2824	U8,L30,M485	CTS5762,CTS2488	P303	L140,Z764	CTS342	Z724	Z1903													
G2a2b	ROOT	L1085,L1130,L1155	V168,V171,P305	P108,V221	M42,P97	M168	P143	M89,M213,P14	F1329	M201,P257	P287,L156	P15,U5,L31	L1259,PF2824	U8,L30,M485	CTS5762,CTS2488	P303	L140,Z764	CTS342	Z724	Z1903	Z2047												
G2a2b	ROOT	L1085,L1130,L1155	V168,V171,P305	P108,V221	M42,P97	M168	P143	M89,M213,P14	F1329	M201,P257	P287,L156	P15,U5,L31	L1259,PF2824	U8,L30,M485	CTS5762,CTS2488	P303	L140,Z764	L497															
G2a2b	ROOT	L1085,L1130,L1155	V168,V171,P305	P108,V221	M42,P97	M168	P143	M89,M213,P14	F1329	M201,P257	P287,L156	P15,U5,L31	L1259,PF2824	U8,L30,M485	CTS5762,CTS2488	P303	L140,Z764	L497	Z738,Z725														
G2a2b	ROOT	L1085,L1130,L1155	V168,V171,P305	P108,V221	M42,P97	M168	P143	M89,M213,P14	F1329	M201,P257	P287,L156	P15,U5,L31	L1259,PF2824	U8,L30,M485	CTS5762,CTS2488	P303	L140,Z764	L497	Z738,Z725	CTS4803													
G2a2b	ROOT	L1085,L1130,L1155	V168,V171,P305	P108,V221	M42,P97	M168	P143	M89,M213,P14	F1329	M201,P257	P287,L156	P15,U5,L31	L1259,PF2824	U8,L30,M485	CTS5762,CTS2488	PF3359																	
G2b	ROOT	L1085,L1130,L1155	V168,V171,P305	P108,V221	M42,P97	M168	P143	M89,M213,P14	F1329	M201,P257	P287,L156	M377,L183,L72																					
HIJKLT	ROOT	L1085,L1130,L1155	V168,V171,P305	P108,V221	M42,P97	M168	P143	M89,M213,P14	F1329	M578																							
H	ROOT	L1085,L1130,L1155	V168,V171,P305	P108,V221	M42,P97	M168	P143	M89,M213,P14	F1329	M578	L901,M3035																						
H1	ROOT	L1085,L1130,L1155	V168,V171,P305	P108,V221	M42,P97	M168	P143	M89,M213,P14	F1329	M578	L901,M3035	M69,M370,L902																					
H1	ROOT	L1085,L1130,L1155	V168,V171,P305	P108,V221	M42,P97	M168	P143	M89,M213,P14	F1329	M578	L901,M3035	M69,M370,L902	M52																				
H1	ROOT	L1085,L1130,L1155	V168,V171,P305	P108,V221	M42,P97	M168	P143	M89,M213,P14	F1329	M578	L901,M3035	M69,M370,L902	M52	M82,M2970																			
H1	ROOT	L1085,L1130,L1155	V168,V171,P305	P108,V221	M42,P97	M168	P143	M89,M213,P14	F1329	M578	L901,M3035	M69,M370,L902	M52	M82,M2970	M2940																		
H1	ROOT	L1085,L1130,L1155	V168,V171,P305	P108,V221	M42,P97	M168	P143	M89,M213,P14	F1329	M578	L901,M3035	M69,M370,L902	M52	M82,M2970	M2940	M2853,M2972																	
H1	ROOT	L1085,L1130,L1155	V168,V171,P305	P108,V221	M42,P97	M168	P143	M89,M213,P14	F1329	M578	L901,M3035	M69,M370,L902	M52	M82,M2970	M2940	Z4507,PR2906																	
H1	ROOT	L1085,L1130,L1155	V168,V171,P305	P108,V221	M42,P97	M168	P143	M89,M213,P14	F1329	M578	L901,M3035	M69,M370,L902	M52	Z4452																			
H1	ROOT	L1085,L1130,L1155	V168,V171,P305	P108,V221	M42,P97	M168	P143	M89,M213,P14	F1329	M578	L901,M3035	M69,M370,L902	Z5867																				
H1	ROOT	L1085,L1130,L1155	V168,V171,P305	P108,V221	M42,P97	M168	P143	M89,M213,P14	F1329	M578	L901,M3035	M69,M370,L902	Z5867	Apt,Z194																			
H1	ROOT	L1085,L1130,L1155	V168,V171,P305	P108,V221	M42,P97	M168	P143	M89,M213,P14	F1329	M578	L901,M3035	M69,M370,L902	Z5867	Z14262,Z14258																			
H2	ROOT	L1085,L1130,L1155	V168,V171,P305	P108,V221	M42,P97	M168	P143	M89,M213,P14	F1329	M578	L901,M3035	M282,P96																					
H3	ROOT	L1085,L1130,L1155	V168,V171,P305	P108,V221	M42,P97	M168	P143	M89,M213,P14	F1329	M578	L901,M3035	Z5857																					
H3	ROOT	L1085,L1130,L1155	V168,V171,P305	P108,V221	M42,P97	M168	P143	M89,M213,P14	F1329	M578	L901,M3035	Z5857	Z9469																				
H3	ROOT	L1085,L1130,L1155	V168,V171,P305	P108,V221	M42,P97	M168	P143	M89,M213,P14	F1329	M578	L901,M3035	Z5857	Z9469	F4133																			
H3	ROOT	L1085,L1130,L1155	V168,V171,P305	P108,V221	M42,P97	M168	P143	M89,M213,P14	F1329	M578	L901,M3035	Z5857	Z9469	F4133	Z5865																		
H3	ROOT	L1085,L1130,L1155	V168,V171,P305	P108,V221	M42,P97	M168	P143	M89,M213,P14	F1329	M578	L901,M3035	Z5857	PR5932																				
IJKLT	ROOT	L1085,L1130,L1155	V168,V171,P305	P108,V221	M42,P97	M168	P143	M89,M213,P14	F1329	M578	M522,M523																						
IJ	ROOT	L1085,L1130,L1155	V168,V171,P305	P108,V221	M42,P97	M168	P143	M89,M213,P14	F1329	M578	M522,M523	M429,P126																					
I	ROOT	L1085,L1130,L1155	V168,V171,P305	P108,V221	M42,P97	M168	P143	M89,M213,P14	F1329	M578	M522,M523	M429,P126	M170,M258,U179																				
I1	ROOT	L1085,L1130,L1155	V168,V171,P305	P108,V221	M42,P97	M168	P143	M89,M213,P14	F1329	M578	M522,M523	M429,P126	M170,M258,U179	M253,L80,P203																			
I1	ROOT	L1085,L1130,L1155	V168,V171,P305	P108,V221	M42,P97	M168	P143	M89,M213,P14	F1329	M578	M522,M523	M429,P126	M170,M258,U179	M253,L80,P203	Z131																		
I1	ROOT	L1085,L1130,L1155	V168,V171,P305	P108,V221	M42,P97	M168	P143	M89,M213,P14	F1329	M578	M522,M523	M429,P126	M170,M258,U179	M253,L80,P203	DF29																		
I1	ROOT	L1085,L1130,L1155	V168,V171,P305	P108,V221	M42,P97	M168	P143	M89,M213,P14	F1329	M578	M522,M523	M429,P126	M170,M258,U179	M253,L80,P203	DF29	CTS6364																	
I1	ROOT	L1085,L1130,L1155	V168,V171,P305	P108,V221	M42,P97	M168	P143	M89,M213,P14	F1329	M578	M522,M523	M429,P126	M170,M258,U179	M253,L80,P203	DF29	CTS6364	M227																
I1	ROOT	L1085,L1130,L1155	V168,V171,P305	P108,V221	M42,P97	M168	P143	M89,M213,P14	F1329	M578	M522,M523	M429,P126	M170,M258,U179	M253,L80,P203	DF29	CTS6364	L22																
I1	ROOT	L1085,L1130,L1155	V168,V171,P305	P108,V221	M42,P97	M168	P143	M89,M213,P14	F1329	M578	M522,M523	M429,P126	M170,M258,U179	M253,L80,P203	DF29	CTS6364	L22	P109															
I1	ROOT	L1085,L1130,L1155	V168,V171,P305	P108,V221	M42,P97	M168	P143	M89,M213,P14	F1329	M578	M522,M523	M429,P126	M170,M258,U179	M253,L80,P203	DF29	CTS6364	L22	Z74															
I1	ROOT	L1085,L1130,L1155	V168,V171,P305	P108,V221	M42,P97	M168	P143	M89,M213,P14	F1329	M578	M522,M523	M429,P126	M170,M258,U179	M253,L80,P203	DF29	CTS6364	L22	Z74	L813														
I1	ROOT	L1085,L1130,L1155	V168,V171,P305	P108,V221	M42,P97	M168	P143	M89,M213,P14	F1329	M578	M522,M523	M429,P126	M170,M258,U179	M253,L80,P203	DF29	CTS6364	P259																
I1	ROOT	L1085,L1130,L1155	V168,V171,P305	P108,V221	M42,P97	M168	P143	M89,M213,P14	F1329	M578	M522,M523	M429,P126	M170,M258,U179	M253,L80,P203	DF29	Z58																	
I1	ROOT	L1085,L1130,L1155	V168,V171,P305	P108,V221	M42,P97	M168	P143	M89,M213,P14	F1329	M578	M522,M523	M429,P126	M170,M258,U179	M253,L80,P203	DF29	Z58	Z59																
I1	ROOT	L1085,L1130,L1155	V168,V171,P305	P108,V221	M42,P97	M168	P143	M89,M213,P14	F1329	M578	M522,M523	M429,P126	M170,M258,U179	M253,L80,P203	DF29	Z58	Z59	Z60															
I1	ROOT	L1085,L1130,L1155	V168,V171,P305	P108,V221	M42,P97	M168	P143	M89,M213,P14	F1329	M578	M522,M523	M429,P126	M170,M258,U179	M253,L80,P203	DF29	Z58	Z59	Z60	Z2539														
I1	ROOT	L1085,L1130,L1155	V168,V171,P305	P108,V221	M42,P97	M168	P143	M89,M213,P14	F1329	M578	M522,M523	M429,P126	M170,M258,U179	M253,L80,P203	DF29	Z58	Z59	Z60	Z140,Z141														
I1	ROOT	L1085,L1130,L1155	V168,V171,P305	P108,V221	M42,P97	M168	P143	M89,M213,P14	F1329	M578	M522,M523	M429,P126	M170,M258,U179	M253,L80,P203	DF29	Z58	Z59	Z2040,Z2041															
I1	ROOT	L1085,L1130,L1155	V168,V171,P305	P108,V221	M42,P97	M168	P143	M89,M213,P14	F1329	M578	M522,M523	M429,P126	M170,M258,U179	M253,L80,P203	DF29	Z58	Z138,Z139																
I1	ROOT	L1085,L1130,L1155	V168,V171,P305	P108,V221	M42,P97	M168	P143	M89,M213,P14	F1329	M578	M522,M523	M429,P126	M170,M258,U179	M253,L80,P203	DF29	Z63																	
I1	ROOT	L1085,L1130,L1155	V168,V171,P305	P108,V221	M42,P97	M168	P143	M89,M213,P14	F1329	M578	M522,M523	M429,P126	M170,M258,U179	M253,L80,P203	DF29	Z63	L1237																
I2	ROOT	L1085,L1130,L1155	V168,V171,P305	P108,V221	M42,P97	M168	P143	M89,M213,P14	F1329	M578	M522,M523	M429,P126	M170,M258,U179	M438,L68																			
I2	ROOT	L1085,L1130,L1155	V168,V171,P305	P108,V221	M42,P97	M168	P143	M89,M213,P14	F1329	M578	M522,M523	M429,P126	M170,M258,U179	M438,L68	L596,L597																		
I2	ROOT	L1085,L1130,L1155	V168,V171,P305	P108,V221	M42,P97	M168	P143	M89,M213,P14	F1329	M578	M522,M523	M429,P126	M170,M258,U179	M438,L68	L460																		
I2	ROOT	L1085,L1130,L1155	V168,V171,P305	P108,V221	M42,P97	M168	P143	M89,M213,P14	F1329	M578	M522,M523	M429,P126	M170,M258,U179	M438,L68	L460	CTS595																	
I2	ROOT	L1085,L1130,L1155	V168,V171,P305	P108,V221	M42,P97	M168	P143	M89,M213,P14	F1329	M578	M522,M523	M429,P126	M170,M258,U179	M438,L68	L460	CTS595	M26																
I2	ROOT	L1085,L1130,L1155	V168,V171,P305	P108,V221	M42,P97	M168	P143	M89,M213,P14	F1329	M578	M522,M523	M429,P126	M170,M258,U179	M438,L68	L460	CTS595	L1286,L1287																
I2	ROOT	L1085,L1130,L1155	V168,V171,P305	P108,V221	M42,P97	M168	P143	M89,M213,P14	F1329	M578	M522,M523	M429,P126	M170,M258,U179	M438,L68	L460	M423																	
I2	ROOT	L1085,L1130,L1155	V168,V171,P305	P108,V221	M42,P97	M168	P143	M89,M213,P14	F1329	M578	M522,M523	M429,P126	M170,M258,U179	M438,L68	L460	M423	L161																
I2	ROOT	L1085,L1130,L1155	V168,V171,P305	P108,V221	M42,P97	M168	P143	M89,M213,P14	F1329	M578	M522,M523	M429,P126	M170,M258,U179	M438,L68	L460	M423	L621																
I2	ROOT	L1085,L1130,L1155	V168,V171,P305	P108,V221	M42,P97	M168	P143	M89,M213,P14	F1329	M578	M522,M523	M429,P126	M170,M258,U179	M438,L68	L460	M423	L621	S17250															
I2	ROOT	L1085,L1130,L1155	V168,V171,P305	P108,V221	M42,P97	M168	P143	M89,M213,P14	F1329	M578	M522,M523	M429,P126	M170,M258,U179	M438,L68	L460	M436,P217																	
I2	ROOT	L1085,L1130,L1155	V168,V171,P305	P108,V221	M42,P97	M168	P143	M89,M213,P14	F1329	M578	M522,M523	M429,P126	M170,M258,U179	M438,L68	L460	M436,P217	L38																
I2	ROOT	L1085,L1130,L1155	V168,V171,P305	P108,V221	M42,P97	M168	P143	M89,M213,P14	F1329	M578	M522,M523	M429,P126	M170,M258,U179	M438,L68	L460	M436,P217	M223,U250																
I2	ROOT	L1085,L1130,L1155	V168,V171,P305	P108,V221	M42,P97	M168	P143	M89,M213,P14	F1329	M578	M522,M523	M429,P126	M170,M258,U179	M438,L68	L460	M436,P217	M223,U250	CTS616,CTS9183															
I2	ROOT	L1085,L1130,L1155	V168,V171,P305	P108,V221	M42,P97	M168	P143	M89,M213,P14	F1329	M578	M522,M523	M429,P126	M170,M258,U179	M438,L68	L460	M436,P217	M223,U250	CTS616,CTS9183	M284,CTS4544														
I2	ROOT	L1085,L1130,L1155	V168,V171,P305	P108,V221	M42,P97	M168	P143	M89,M213,P14	F1329	M578	M522,M523	M429,P126	M170,M258,U179	M438,L68	L460	M436,P217	M223,U250	CTS616,CTS9183	L1229														
I2	ROOT	L1085,L1130,L1155	V168,V171,P305	P108,V221	M42,P97	M168	P143	M89,M213,P14	F1329	M578	M522,M523	M429,P126	M170,M258,U179	M438,L68	L460	M436,P217	M223,U250	CTS616,CTS9183	CTS10057,CTS10100														
I2	ROOT	L1085,L1130,L1155	V168,V171,P305	P108,V221	M42,P97	M168	P143	M89,M213,P14	F1329	M578	M522,M523	M429,P126	M170,M258,U179	M438,L68	L460	M436,P217	M223,U250	CTS616,CTS9183	CTS10057,CTS10100	L701													
I2	ROOT	L1085,L1130,L1155	V168,V171,P305	P108,V221	M42,P97	M168	P143	M89,M213,P14	F1329	M578	M522,M523	M429,P126	M170,M258,U179	M438,L68	L460	M436,P217	M223,U250	CTS616,CTS9183	CTS10057,CTS10100	Z161													
I2	ROOT	L1085,L1130,L1155	V168,V171,P305	P108,V221	M42,P97	M168	P143	M89,M213,P14	F1329	M578	M522,M523	M429,P126	M170,M258,U179	M438,L68	L460	M436,P217	M223,U250	CTS616,CTS9183	CTS10057,CTS10100	Z161	L801												
I2	ROOT	L1085,L1130,L1155	V168,V171,P305	P108,V221	M42,P97	M168	P143	M89,M213,P14	F1329	M578	M522,M523	M429,P126	M170,M258,U179	M438,L68	L460	M436,P217	M223,U250	CTS616,CTS9183	CTS10057,CTS10100	Z161	L801	CTS1977											
I2	ROOT	L1085,L1130,L1155	V168,V171,P305	P108,V221	M42,P97	M168	P143	M89,M213,P14	F1329	M578	M522,M523	M429,P126	M170,M258,U179	M438,L68	L460	M436,P217	M223,U250	CTS616,CTS9183	CTS10057,CTS10100	Z161	L801	CTS6433											
I2	ROOT	L1085,L1130,L1155	V168,V171,P305	P108,V221	M42,P97	M168	P143	M89,M213,P14	F1329	M578	M522,M523	M429,P126	M170,M258,U179	M438,L68	L460	M436,P217	M223,U250	CTS616,CTS9183	CTS10057,CTS10100	Z161	L801	CTS6433	Z78										
J	ROOT	L1085,L1130,L1155	V168,V171,P305	P108,V221	M42,P97	M168	P143	M89,M213,P14	F1329	M578	M522,M523	M429,P126	M304,P209																				
J1	ROOT	L1085,L1130,L1155	V168,V171,P305	P108,V221	M42,P97	M168	P143	M89,M213,P14	F1329	M578	M522,M523	M429,P126	M304,P209	M267,M497																			
J1	ROOT	L1085,L1130,L1155	V168,V171,P305	P108,V221	M42,P97	M168	P143	M89,M213,P14	F1329	M578	M522,M523	M429,P126	M304,P209	M267,M497	F1614,Y6304																		
J1	ROOT	L1085,L1130,L1155	V168,V171,P305	P108,V221	M42,P97	M168	P143	M89,M213,P14	F1329	M578	M522,M523	M429,P126	M304,P209	M267,M497	L827,Z2215																		
J1	ROOT	L1085,L1130,L1155	V168,V171,P305	P108,V221	M42,P97	M168	P143	M89,M213,P14	F1329	M578	M522,M523	M429,P126	M304,P209	M267,M497	L827,Z2215	Z1828																	
J1	ROOT	L1085,L1130,L1155	V168,V171,P305	P108,V221	M42,P97	M168	P143	M89,M213,P14	F1329	M578	M522,M523	M429,P126	M304,P209	M267,M497	L827,Z2215	L620																	
J1	ROOT	L1085,L1130,L1155	V168,V171,P305	P108,V221	M42,P97	M168	P143	M89,M213,P14	F1329	M578	M522,M523	M429,P126	M304,P209	M267,M497	L827,Z2215	L620	FGC6064																
J1	ROOT	L1085,L1130,L1155	V168,V171,P305	P108,V221	M42,P97	M168	P143	M89,M213,P14	F1329	M578	M522,M523	M429,P126	M304,P209	M267,M497	L827,Z2215	L620	L136																
J1	ROOT	L1085,L1130,L1155	V168,V171,P305	P108,V221	M42,P97	M168	P143	M89,M213,P14	F1329	M578	M522,M523	M429,P126	M304,P209	M267,M497	L827,Z2215	L620	L136	PF7264															
J1	ROOT	L1085,L1130,L1155	V168,V171,P305	P108,V221	M42,P97	M168	P143	M89,M213,P14	F1329	M578	M522,M523	M429,P126	M304,P209	M267,M497	L827,Z2215	L620	L136	P58															
J1	ROOT	L1085,L1130,L1155	V168,V171,P305	P108,V221	M42,P97	M168	P143	M89,M213,P14	F1329	M578	M522,M523	M429,P126	M304,P209	M267,M497	L827,Z2215	L620	L136	P58	S4924														
J1	ROOT	L1085,L1130,L1155	V168,V171,P305	P108,V221	M42,P97	M168	P143	M89,M213,P14	F1329	M578	M522,M523	M429,P126	M304,P209	M267,M497	L827,Z2215	L620	L136	P58	Z1889														
J1	ROOT	L1085,L1130,L1155	V168,V171,P305	P108,V221	M42,P97	M168	P143	M89,M213,P14	F1329	M578	M522,M523	M429,P126	M304,P209	M267,M497	L827,Z2215	L620	L136	P58	Z1889	Z2324													
J1	ROOT	L1085,L1130,L1155	V168,V171,P305	P108,V221	M42,P97	M168	P143	M89,M213,P14	F1329	M578	M522,M523	M429,P126	M304,P209	M267,M497	L827,Z2215	L620	L136	P58	Z1889	Z2324	L858,Z1884												
J1	ROOT	L1085,L1130,L1155	V168,V171,P305	P108,V221	M42,P97	M168	P143	M89,M213,P14	F1329	M578	M522,M523	M429,P126	M304,P209	M267,M497	L827,Z2215	L620	L136	P58	Z1889	Z2324	L858,Z1884	FGC11											
J1	ROOT	L1085,L1130,L1155	V168,V171,P305	P108,V221	M42,P97	M168	P143	M89,M213,P14	F1329	M578	M522,M523	M429,P126	M304,P209	M267,M497	L827,Z2215	L620	L136	P58	Z1889	Z2324	L858,Z1884	Z640											
J1	ROOT	L1085,L1130,L1155	V168,V171,P305	P108,V221	M42,P97	M168	P143	M89,M213,P14	F1329	M578	M522,M523	M429,P126	M304,P209	M267,M497	L827,Z2215	L620	L136	P58	Z1889	Z2324	L858,Z1884	YSC76											
J2	ROOT	L1085,L1130,L1155	V168,V171,P305	P108,V221	M42,P97	M168	P143	M89,M213,P14	F1329	M578	M522,M523	M429,P126	M304,P209	M172,L228																			
J2a	ROOT	L1085,L1130,L1155	V168,V171,P305	P108,V221	M42,P97	M168	P143	M89,M213,P14	F1329	M578	M522,M523	M429,P126	M304,P209	M172,L228	M410																		
J2a	ROOT	L1085,L1130,L1155	V168,V171,P305	P108,V221	M42,P97	M168	P143	M89,M213,P14	F1329	M578	M522,M523	M429,P126	M304,P209	M172,L228	M410	L581,PF5008,PF5050																	
J2a	ROOT	L1085,L1130,L1155	V168,V171,P305	P108,V221	M42,P97	M168	P143	M89,M213,P14	F1329	M578	M522,M523	M429,P126	M304,P209	M172,L228	M410	P354,PF4610																	
J2a	ROOT	L1085,L1130,L1155	V168,V171,P305	P108,V221	M42,P97	M168	P143	M89,M213,P14	F1329	M578	M522,M523	M429,P126	M304,P209	M172,L228	M410	P354,PF4610	Z6049																
J2a	ROOT	L1085,L1130,L1155	V168,V171,P305	P108,V221	M42,P97	M168	P143	M89,M213,P14	F1329	M578	M522,M523	M429,P126	M304,P209	M172,L228	M410	P354,PF4610	L26																
J2a	ROOT	L1085,L1130,L1155	V168,V171,P305	P108,V221	M42,P97	M168	P143	M89,M213,P14	F1329	M578	M522,M523	M429,P126	M304,P209	M172,L228	M410	P354,PF4610	L26	Z6064															
J2a	ROOT	L1085,L1130,L1155	V168,V171,P305	P108,V221	M42,P97	M168	P143	M89,M213,P14	F1329	M578	M522,M523	M429,P126	M304,P209	M172,L228	M410	P354,PF4610	L26	Z2221,Z2220															
J2a	ROOT	L1085,L1130,L1155	V168,V171,P305	P108,V221	M42,P97	M168	P143	M89,M213,P14	F1329	M578	M522,M523	M429,P126	M304,P209	M172,L228	M410	P354,PF4610	L26	Z2221,Z2220	L24														
J2a	ROOT	L1085,L1130,L1155	V168,V171,P305	P108,V221	M42,P97	M168	P143	M89,M213,P14	F1329	M578	M522,M523	M429,P126	M304,P209	M172,L228	M410	P354,PF4610	L26	Z2221,Z2220	L24	M158													
J2a	ROOT	L1085,L1130,L1155	V168,V171,P305	P108,V221	M42,P97	M168	P143	M89,M213,P14	F1329	M578	M522,M523	M429,P126	M304,P209	M172,L228	M410	P354,PF4610	L26	Z2221,Z2220	L24	L25													
J2a	ROOT	L1085,L1130,L1155	V168,V171,P305	P108,V221	M42,P97	M168	P143	M89,M213,P14	F1329	M578	M522,M523	M429,P126	M304,P209	M172,L228	M410	P354,PF4610	L26	Z2221,Z2220	L24	L25	Z7700,F3133												
J2a	ROOT	L1085,L1130,L1155	V168,V171,P305	P108,V221	M42,P97	M168	P143	M89,M213,P14	F1329	M578	M522,M523	M429,P126	M304,P209	M172,L228	M410	P354,PF4610	L26	Z2221,Z2220	L24	L25	PF5294,PF5401												
J2a	ROOT	L1085,L1130,L1155	V168,V171,P305	P108,V221	M42,P97	M168	P143	M89,M213,P14	F1329	M578	M522,M523	M429,P126	M304,P209	M172,L228	M410	P354,PF4610	L26	Z2221,Z2220	L24	L25	Z438												
J2a	ROOT	L1085,L1130,L1155	V168,V171,P305	P108,V221	M42,P97	M168	P143	M89,M213,P14	F1329	M578	M522,M523	M429,P126	M304,P209	M172,L228	M410	P354,PF4610	L26	Z2221,Z2220	PF5197														
J2a	ROOT	L1085,L1130,L1155	V168,V171,P305	P108,V221	M42,P97	M168	P143	M89,M213,P14	F1329	M578	M522,M523	M429,P126	M304,P209	M172,L228	M410	P354,PF4610	L26	Z2221,Z2220	PF5197	Z7430													
J2a	ROOT	L1085,L1130,L1155	V168,V171,P305	P108,V221	M42,P97	M168	P143	M89,M213,P14	F1329	M578	M522,M523	M429,P126	M304,P209	M172,L228	M410	P354,PF4610	L26	Z2221,Z2220	PF5197	PF5172													
J2a	ROOT	L1085,L1130,L1155	V168,V171,P305	P108,V221	M42,P97	M168	P143	M89,M213,P14	F1329	M578	M522,M523	M429,P126	M304,P209	M172,L228	M410	P354,PF4610	L26	PF5116,PF5125															
J2a	ROOT	L1085,L1130,L1155	V168,V171,P305	P108,V221	M42,P97	M168	P143	M89,M213,P14	F1329	M578	M522,M523	M429,P126	M304,P209	M172,L228	M410	P354,PF4610	L26	PF5116,PF5125	Z6065														
J2a	ROOT	L1085,L1130,L1155	V168,V171,P305	P108,V221	M42,P97	M168	P143	M89,M213,P14	F1329	M578	M522,M523	M429,P126	M304,P209	M172,L228	M410	P354,PF4610	L26	PF5116,PF5125	L558,Z1846,CTS4800														
J2a	ROOT	L1085,L1130,L1155	V168,V171,P305	P108,V221	M42,P97	M168	P143	M89,M213,P14	F1329	M578	M522,M523	M429,P126	M304,P209	M172,L228	M410	P354,PF4610	L26	PF5116,PF5125	L558,Z1846,CTS4800	Y5014,S23154													
J2a	ROOT	L1085,L1130,L1155	V168,V171,P305	P108,V221	M42,P97	M168	P143	M89,M213,P14	F1329	M578	M522,M523	M429,P126	M304,P209	M172,L228	M410	P354,PF4610	L26	PF5116,PF5125	L558,Z1846,CTS4800	Y5014,S23154	M319												
J2a	ROOT	L1085,L1130,L1155	V168,V171,P305	P108,V221	M42,P97	M168	P143	M89,M213,P14	F1329	M578	M522,M523	M429,P126	M304,P209	M172,L228	M410	P354,PF4610	L26	PF5116,PF5125	L558,Z1846,CTS4800	M67													
J2a	ROOT	L1085,L1130,L1155	V168,V171,P305	P108,V221	M42,P97	M168	P143	M89,M213,P14	F1329	M578	M522,M523	M429,P126	M304,P209	M172,L228	M410	P354,PF4610	L26	PF5116,PF5125	L558,Z1846,CTS4800	M67	Z500,PF5132												
J2a	ROOT	L1085,L1130,L1155	V168,V171,P305	P108,V221	M42,P97	M168	P143	M89,M213,P14	F1329	M578	M522,M523	M429,P126	M304,P209	M172,L228	M410	P354,PF4610	L26	PF5116,PF5125	L558,Z1846,CTS4800	M67	Z500,PF5132	M92											
J2a	ROOT	L1085,L1130,L1155	V168,V171,P305	P108,V221	M42,P97	M168	P143	M89,M213,P14	F1329	M578	M522,M523	M429,P126	M304,P209	M172,L228	M410	P354,PF4610	L26	PF5116,PF5125	L558,Z1846,CTS4800	M67	Y4036												
J2a	ROOT	L1085,L1130,L1155	V168,V171,P305	P108,V221	M42,P97	M168	P143	M89,M213,P14	F1329	M578	M522,M523	M429,P126	M304,P209	M172,L228	M410	P354,PF4610	L26	PF5116,PF5125	L558,Z1846,CTS4800	M67	Y4036	L227,L210											
J2a	ROOT	L1085,L1130,L1155	V168,V171,P305	P108,V221	M42,P97	M168	P143	M89,M213,P14	F1329	M578	M522,M523	M429,P126	M304,P209	M172,L228	M410	P354,PF4610	L26	PF5116,PF5125	L558,Z1846,CTS4800	M67	Z7671												
J2b	ROOT	L1085,L1130,L1155	V168,V171,P305	P108,V221	M42,P97	M168	P143	M89,M213,P14	F1329	M578	M522,M523	M429,P126	M304,P209	M172,L228	M12,M102,L282																		
J2b	ROOT	L1085,L1130,L1155	V168,V171,P305	P108,V221	M42,P97	M168	P143	M89,M213,P14	F1329	M578	M522,M523	M429,P126	M304,P209	M172,L228	M12,M102,L282	M205																	
J2b	ROOT	L1085,L1130,L1155	V168,V171,P305	P108,V221	M42,P97	M168	P143	M89,M213,P14	F1329	M578	M522,M523	M429,P126	M304,P209	M172,L228	M12,M102,L282	Z575,Z1827																	
J2b	ROOT	L1085,L1130,L1155	V168,V171,P305	P108,V221	M42,P97	M168	P143	M89,M213,P14	F1329	M578	M522,M523	M429,P126	M304,P209	M172,L228	M12,M102,L282	Z575,Z1827	L283																
J2b	ROOT	L1085,L1130,L1155	V168,V171,P305	P108,V221	M42,P97	M168	P143	M89,M213,P14	F1329	M578	M522,M523	M429,P126	M304,P209	M172,L228	M12,M102,L282	Z575,Z1827	Z2432																
KLT	ROOT	L1085,L1130,L1155	V168,V171,P305	P108,V221	M42,P97	M168	P143	M89,M213,P14	F1329	M578	M522,M523	M9																					
K	ROOT	L1085,L1130,L1155	V168,V171,P305	P108,V221	M42,P97	M168	P143	M89,M213,P14	F1329	M578	M522,M523	M9	M526																				
MP	ROOT	L1085,L1130,L1155	V168,V171,P305	P108,V221	M42,P97	M168	P143	M89,M213,P14	F1329	M578	M522,M523	M9	M526	P331,L405																			
M	ROOT	L1085,L1130,L1155	V168,V171,P305	P108,V221	M42,P97	M168	P143	M89,M213,P14	F1329	M578	M522,M523	M9	M526	P331,L405	P397,P399,PR2099																		
M1	ROOT	L1085,L1130,L1155	V168,V171,P305	P108,V221	M42,P97	M168	P143	M89,M213,P14	F1329	M578	M522,M523	M9	M526	P331,L405	P397,P399,PR2099	P256,Page93																	
M1	ROOT	L1085,L1130,L1155	V168,V171,P305	P108,V221	M42,P97	M168	P143	M89,M213,P14	F1329	M578	M522,M523	M9	M526	P331,L405	P397,P399,PR2099	P256,Page93	M5,M106,M186,M189																
M1	ROOT	L1085,L1130,L1155	V168,V171,P305	P108,V221	M42,P97	M168	P143	M89,M213,P14	F1329	M578	M522,M523	M9	M526	P331,L405	P397,P399,PR2099	P256,Page93	M5,M106,M186,M189	P34															
M1	ROOT	L1085,L1130,L1155	V168,V171,P305	P108,V221	M42,P97	M168	P143	M89,M213,P14	F1329	M578	M522,M523	M9	M526	P331,L405	P397,P399,PR2099	P256,Page93	M5,M106,M186,M189	P87															
M1	ROOT	L1085,L1130,L1155	V168,V171,P305	P108,V221	M42,P97	M168	P143	M89,M213,P14	F1329	M578	M522,M523	M9	M526	P331,L405	P397,P399,PR2099	P256,Page93	M5,M106,M186,M189	P87	F2561														
M1	ROOT	L1085,L1130,L1155	V168,V171,P305	P108,V221	M42,P97	M168	P143	M89,M213,P14	F1329	M578	M522,M523	M9	M526	P331,L405	P397,P399,PR2099	P256,Page93	M5,M106,M186,M189	Z33345,Z33330															
M1	ROOT	L1085,L1130,L1155	V168,V171,P305	P108,V221	M42,P97	M168	P143	M89,M213,P14	F1329	M578	M522,M523	M9	M526	P331,L405	P397,P399,PR2099	P256,Page93	M5,M106,M186,M189	Z33345,Z33330	B256,SK1882														
M1	ROOT	L1085,L1130,L1155	V168,V171,P305	P108,V221	M42,P97	M168	P143	M89,M213,P14	F1329	M578	M522,M523	M9	M526	P331,L405	P397,P399,PR2099	P256,Page93	M5,M106,M186,M189	Z31007,Z30835,SK1877															
M1	ROOT	L1085,L1130,L1155	V168,V171,P305	P108,V221	M42,P97	M168	P143	M89,M213,P14	F1329	M578	M522,M523	M9	M526	P331,L405	P397,P399,PR2099	P256,Page93	M353																
M1	ROOT	L1085,L1130,L1155	V168,V171,P305	P108,V221	M42,P97	M168	P143	M89,M213,P14	F1329	M578	M522,M523	M9	M526	P331,L405	P397,P399,PR2099	P256,Page93	M353	M177															
M1	ROOT	L1085,L1130,L1155	V168,V171,P305	P108,V221	M42,P97	M168	P143	M89,M213,P14	F1329	M578	M522,M523	M9	M526	P331,L405	P397,P399,PR2099	P256,Page93	P117,P118																
M2	ROOT	L1085,L1130,L1155	V168,V171,P305	P108,V221	M42,P97	M168	P143	M89,M213,P14	F1329	M578	M522,M523	M9	M526	P331,L405	P397,P399,PR2099	B254																	
M2	ROOT	L1085,L1130,L1155	V168,V171,P305	P108,V221	M42,P97	M168	P143	M89,M213,P14	F1329	M578	M522,M523	M9	M526	P331,L405	P397,P399,PR2099	B254	P378,B273																
M2	ROOT	L1085,L1130,L1155	V168,V171,P305	P108,V221	M42,P97	M168	P143	M89,M213,P14	F1329	M578	M522,M523	M9	M526	P331,L405	P397,P399,PR2099	B254	P336																
M2	ROOT	L1085,L1130,L1155	V168,V171,P305	P108,V221	M42,P97	M168	P143	M89,M213,P14	F1329	M578	M522,M523	M9	M526	P331,L405	P397,P399,PR2099	B254	B255,P405																
M2	ROOT	L1085,L1130,L1155	V168,V171,P305	P108,V221	M42,P97	M168	P143	M89,M213,P14	F1329	M578	M522,M523	M9	M526	P331,L405	P397,P399,PR2099	B254	B255,P405	SK1806,SK1822,SK1824,FGC5054															
M2	ROOT	L1085,L1130,L1155	V168,V171,P305	P108,V221	M42,P97	M168	P143	M89,M213,P14	F1329	M578	M522,M523	M9	M526	P331,L405	P397,P399,PR2099	B254	B255,P405	rs377052367,rs370756633,rs368228091															
M2	ROOT	L1085,L1130,L1155	V168,V171,P305	P108,V221	M42,P97	M168	P143	M89,M213,P14	F1329	M578	M522,M523	M9	M526	P331,L405	P397,P399,PR2099	B254	B255,P405	rs377052367,rs370756633,rs368228091	P79														
M2	ROOT	L1085,L1130,L1155	V168,V171,P305	P108,V221	M42,P97	M168	P143	M89,M213,P14	F1329	M578	M522,M523	M9	M526	P331,L405	P397,P399,PR2099	B254	B255,P405	rs377052367,rs370756633,rs368228091	P315,FGC9126,rs2381324														
M2	ROOT	L1085,L1130,L1155	V168,V171,P305	P108,V221	M42,P97	M168	P143	M89,M213,P14	F1329	M578	M522,M523	M9	M526	P331,L405	P397,P399,PR2099	B254	B255,P405	rs377052367,rs370756633,rs368228091	rs370759530,rs372737012,rs368587345														
M2	ROOT	L1085,L1130,L1155	V168,V171,P305	P108,V221	M42,P97	M168	P143	M89,M213,P14	F1329	M578	M522,M523	M9	M526	P331,L405	P397,P399,PR2099	B254	B255,P405	rs377052367,rs370756633,rs368228091	rs370759530,rs372737012,rs368587345	M230,P202													
M2	ROOT	L1085,L1130,L1155	V168,V171,P305	P108,V221	M42,P97	M168	P143	M89,M213,P14	F1329	M578	M522,M523	M9	M526	P331,L405	P397,P399,PR2099	B254	B255,P405	rs377052367,rs370756633,rs368228091	rs370759530,rs372737012,rs368587345	M230,P202	M254												
M2	ROOT	L1085,L1130,L1155	V168,V171,P305	P108,V221	M42,P97	M168	P143	M89,M213,P14	F1329	M578	M522,M523	M9	M526	P331,L405	P397,P399,PR2099	B254	B255,P405	rs377052367,rs370756633,rs368228091	rs370759530,rs372737012,rs368587345	M230,P202	M254	P377											
M2	ROOT	L1085,L1130,L1155	V168,V171,P305	P108,V221	M42,P97	M168	P143	M89,M213,P14	F1329	M578	M522,M523	M9	M526	P331,L405	P397,P399,PR2099	B254	B255,P405	rs377052367,rs370756633,rs368228091	rs370759530,rs372737012,rs368587345	M10072,FGC38729,Z33118,P60													
M2	ROOT	L1085,L1130,L1155	V168,V171,P305	P108,V221	M42,P97	M168	P143	M89,M213,P14	F1329	M578	M522,M523	M9	M526	P331,L405	P397,P399,PR2099	B254	B255,P405	rs377052367,rs370756633,rs368228091	rs370759530,rs372737012,rs368587345	M10072,FGC38729,Z33118,P60	P308												
P	ROOT	L1085,L1130,L1155	V168,V171,P305	P108,V221	M42,P97	M168	P143	M89,M213,P14	F1329	M578	M522,M523	M9	M526	P331,L405	P295																		
QR	ROOT	L1085,L1130,L1155	V168,V171,P305	P108,V221	M42,P97	M168	P143	M89,M213,P14	F1329	M578	M522,M523	M9	M526	P331,L405	P295	M45,M74																	
Q	ROOT	L1085,L1130,L1155	V168,V171,P305	P108,V221	M42,P97	M168	P143	M89,M213,P14	F1329	M578	M522,M523	M9	M526	P331,L405	P295	M45,M74	M242																
Q1	ROOT	L1085,L1130,L1155	V168,V171,P305	P108,V221	M42,P97	M168	P143	M89,M213,P14	F1329	M578	M522,M523	M9	M526	P331,L405	P295	M45,M74	M242	P36,L232															
Q1a	ROOT	L1085,L1130,L1155	V168,V171,P305	P108,V221	M42,P97	M168	P143	M89,M213,P14	F1329	M578	M522,M523	M9	M526	P331,L405	P295	M45,M74	M242	P36,L232	MEH2,L472														
Q1a1	ROOT	L1085,L1130,L1155	V168,V171,P305	P108,V221	M42,P97	M168	P143	M89,M213,P14	F1329	M578	M522,M523	M9	M526	P331,L405	P295	M45,M74	M242	P36,L232	MEH2,L472	F1096,F1215,F1251,F3243													
Q1a1	ROOT	L1085,L1130,L1155	V168,V171,P305	P108,V221	M42,P97	M168	P143	M89,M213,P14	F1329	M578	M522,M523	M9	M526	P331,L405	P295	M45,M74	M242	P36,L232	MEH2,L472	F1096,F1215,F1251,F3243	NWT01												
Q1a1	ROOT	L1085,L1130,L1155	V168,V171,P305	P108,V221	M42,P97	M168	P143	M89,M213,P14	F1329	M578	M522,M523	M9	M526	P331,L405	P295	M45,M74	M242	P36,L232	MEH2,L472	F1096,F1215,F1251,F3243	NWT01	M120											
Q1a1	ROOT	L1085,L1130,L1155	V168,V171,P305	P108,V221	M42,P97	M168	P143	M89,M213,P14	F1329	M578	M522,M523	M9	M526	P331,L405	P295	M45,M74	M242	P36,L232	MEH2,L472	F1096,F1215,F1251,F3243	M25,M143												
Q1a2	ROOT	L1085,L1130,L1155	V168,V171,P305	P108,V221	M42,P97	M168	P143	M89,M213,P14	F1329	M578	M522,M523	M9	M526	P331,L405	P295	M45,M74	M242	P36,L232	MEH2,L472	M346,L56,L57													
Q1a2	ROOT	L1085,L1130,L1155	V168,V171,P305	P108,V221	M42,P97	M168	P143	M89,M213,P14	F1329	M578	M522,M523	M9	M526	P331,L405	P295	M45,M74	M242	P36,L232	MEH2,L472	M346,L56,L57	L53												
Q1a2	ROOT	L1085,L1130,L1155	V168,V171,P305	P108,V221	M42,P97	M168	P143	M89,M213,P14	F1329	M578	M522,M523	M9	M526	P331,L405	P295	M45,M74	M242	P36,L232	MEH2,L472	M346,L56,L57	L53	L54											
Q1a2	ROOT	L1085,L1130,L1155	V168,V171,P305	P108,V221	M42,P97	M168	P143	M89,M213,P14	F1329	M578	M522,M523	M9	M526	P331,L405	P295	M45,M74	M242	P36,L232	MEH2,L472	M346,L56,L57	L53	L54	CTS11969,CTS11970										
Q1a2	ROOT	L1085,L1130,L1155	V168,V171,P305	P108,V221	M42,P97	M168	P143	M89,M213,P14	F1329	M578	M522,M523	M9	M526	P331,L405	P295	M45,M74	M242	P36,L232	MEH2,L472	M346,L56,L57	L53	L54	CTS11969,CTS11970	M3									
Q1a2	ROOT	L1085,L1130,L1155	V168,V171,P305	P108,V221	M42,P97	M168	P143	M89,M213,P14	F1329	M578	M522,M523	M9	M526	P331,L405	P295	M45,M74	M242	P36,L232	MEH2,L472	M346,L56,L57	L53	L54	CTS11969,CTS11970	M3	M19								
Q1a2	ROOT	L1085,L1130,L1155	V168,V171,P305	P108,V221	M42,P97	M168	P143	M89,M213,P14	F1329	M578	M522,M523	M9	M526	P331,L405	P295	M45,M74	M242	P36,L232	MEH2,L472	M346,L56,L57	L53	L54	CTS11969,CTS11970	M3	SA01								
Q1a2	ROOT	L1085,L1130,L1155	V168,V171,P305	P108,V221	M42,P97	M168	P143	M89,M213,P14	F1329	M578	M522,M523	M9	M526	P331,L405	P295	M45,M74	M242	P36,L232	MEH2,L472	M346,L56,L57	L53	L54	CTS11969,CTS11970	M3	M557								
Q1a2	ROOT	L1085,L1130,L1155	V168,V171,P305	P108,V221	M42,P97	M168	P143	M89,M213,P14	F1329	M578	M522,M523	M9	M526	P331,L405	P295	M45,M74	M242	P36,L232	MEH2,L472	M346,L56,L57	L53	L54	CTS11969,CTS11970	M3	MG2								
Q1a2	ROOT	L1085,L1130,L1155	V168,V171,P305	P108,V221	M42,P97	M168	P143	M89,M213,P14	F1329	M578	M522,M523	M9	M526	P331,L405	P295	M45,M74	M242	P36,L232	MEH2,L472	M346,L56,L57	L53	L54	CTS11969,CTS11970	L804,L805									
Q1a2	ROOT	L1085,L1130,L1155	V168,V171,P305	P108,V221	M42,P97	M168	P143	M89,M213,P14	F1329	M578	M522,M523	M9	M526	P331,L405	P295	M45,M74	M242	P36,L232	MEH2,L472	M346,L56,L57	L53	L54	Z780										
Q1a2	ROOT	L1085,L1130,L1155	V168,V171,P305	P108,V221	M42,P97	M168	P143	M89,M213,P14	F1329	M578	M522,M523	M9	M526	P331,L405	P295	M45,M74	M242	P36,L232	MEH2,L472	M346,L56,L57	L53	L54	Z780	L191									
Q1a2	ROOT	L1085,L1130,L1155	V168,V171,P305	P108,V221	M42,P97	M168	P143	M89,M213,P14	F1329	M578	M522,M523	M9	M526	P331,L405	P295	M45,M74	M242	P36,L232	MEH2,L472	M346,L56,L57	L53	L54	L330,L334										
Q1a2	ROOT	L1085,L1130,L1155	V168,V171,P305	P108,V221	M42,P97	M168	P143	M89,M213,P14	F1329	M578	M522,M523	M9	M526	P331,L405	P295	M45,M74	M242	P36,L232	MEH2,L472	M346,L56,L57	Y2659												
Q1a2	ROOT	L1085,L1130,L1155	V168,V171,P305	P108,V221	M42,P97	M168	P143	M89,M213,P14	F1329	M578	M522,M523	M9	M526	P331,L405	P295	M45,M74	M242	P36,L232	MEH2,L472	M346,L56,L57	Y2659	L940											
Q1a2	ROOT	L1085,L1130,L1155	V168,V171,P305	P108,V221	M42,P97	M168	P143	M89,M213,P14	F1329	M578	M522,M523	M9	M526	P331,L405	P295	M45,M74	M242	P36,L232	MEH2,L472	M346,L56,L57	Y2659	L940	L527,L529										
Q1b	ROOT	L1085,L1130,L1155	V168,V171,P305	P108,V221	M42,P97	M168	P143	M89,M213,P14	F1329	M578	M522,M523	M9	M526	P331,L405	P295	M45,M74	M242	P36,L232	L275,L314														
Q1b	ROOT	L1085,L1130,L1155	V168,V171,P305	P108,V221	M42,P97	M168	P143	M89,M213,P14	F1329	M578	M522,M523	M9	M526	P331,L405	P295	M45,M74	M242	P36,L232	L275,L314	M378													
Q1b	ROOT	L1085,L1130,L1155	V168,V171,P305	P108,V221	M42,P97	M168	P143	M89,M213,P14	F1329	M578	M522,M523	M9	M526	P331,L405	P295	M45,M74	M242	P36,L232	L275,L314	M378	L245												
R	ROOT	L1085,L1130,L1155	V168,V171,P305	P108,V221	M42,P97	M168	P143	M89,M213,P14	F1329	M578	M522,M523	M9	M526	P331,L405	P295	M45,M74	M207																
R1	ROOT	L1085,L1130,L1155	V168,V171,P305	P108,V221	M42,P97	M168	P143	M89,M213,P14	F1329	M578	M522,M523	M9	M526	P331,L405	P295	M45,M74	M207	M173,M306															
R1a	ROOT	L1085,L1130,L1155	V168,V171,P305	P108,V221	M42,P97	M168	P143	M89,M213,P14	F1329	M578	M522,M523	M9	M526	P331,L405	P295	M45,M74	M207	M173,M306	M420														
R1a	ROOT	L1085,L1130,L1155	V168,V171,P305	P108,V221	M42,P97	M168	P143	M89,M213,P14	F1329	M578	M522,M523	M9	M526	P331,L405	P295	M45,M74	M207	M173,M306	M420	M448													
R1a	ROOT	L1085,L1130,L1155	V168,V171,P305	P108,V221	M42,P97	M168	P143	M89,M213,P14	F1329	M578	M522,M523	M9	M526	P331,L405	P295	M45,M74	M207	M173,M306	M420	M448	M17,M198												
R1a	ROOT	L1085,L1130,L1155	V168,V171,P305	P108,V221	M42,P97	M168	P143	M89,M213,P14	F1329	M578	M522,M523	M9	M526	P331,L405	P295	M45,M74	M207	M173,M306	M420	M448	M17,M198	M417											
R1a	ROOT	L1085,L1130,L1155	V168,V171,P305	P108,V221	M42,P97	M168	P143	M89,M213,P14	F1329	M578	M522,M523	M9	M526	P331,L405	P295	M45,M74	M207	M173,M306	M420	M448	M17,M198	M417	CTS4385										
R1a	ROOT	L1085,L1130,L1155	V168,V171,P305	P108,V221	M42,P97	M168	P143	M89,M213,P14	F1329	M578	M522,M523	M9	M526	P331,L405	P295	M45,M74	M207	M173,M306	M420	M448	M17,M198	M417	CTS4385	S3485									
R1a	ROOT	L1085,L1130,L1155	V168,V171,P305	P108,V221	M42,P97	M168	P143	M89,M213,P14	F1329	M578	M522,M523	M9	M526	P331,L405	P295	M45,M74	M207	M173,M306	M420	M448	M17,M198	M417	CTS4385	S11345,S2863									
R1a	ROOT	L1085,L1130,L1155	V168,V171,P305	P108,V221	M42,P97	M168	P143	M89,M213,P14	F1329	M578	M522,M523	M9	M526	P331,L405	P295	M45,M74	M207	M173,M306	M420	M448	M17,M198	M417	CTS4385	S2894									
R1a	ROOT	L1085,L1130,L1155	V168,V171,P305	P108,V221	M42,P97	M168	P143	M89,M213,P14	F1329	M578	M522,M523	M9	M526	P331,L405	P295	M45,M74	M207	M173,M306	M420	M448	M17,M198	M417	Z645,Z647										
R1a	ROOT	L1085,L1130,L1155	V168,V171,P305	P108,V221	M42,P97	M168	P143	M89,M213,P14	F1329	M578	M522,M523	M9	M526	P331,L405	P295	M45,M74	M207	M173,M306	M420	M448	M17,M198	M417	Z645,Z647	Z283									
R1a	ROOT	L1085,L1130,L1155	V168,V171,P305	P108,V221	M42,P97	M168	P143	M89,M213,P14	F1329	M578	M522,M523	M9	M526	P331,L405	P295	M45,M74	M207	M173,M306	M420	M448	M17,M198	M417	Z645,Z647	Z283	M458								
R1a	ROOT	L1085,L1130,L1155	V168,V171,P305	P108,V221	M42,P97	M168	P143	M89,M213,P14	F1329	M578	M522,M523	M9	M526	P331,L405	P295	M45,M74	M207	M173,M306	M420	M448	M17,M198	M417	Z645,Z647	Z283	M458	L260							
R1a	ROOT	L1085,L1130,L1155	V168,V171,P305	P108,V221	M42,P97	M168	P143	M89,M213,P14	F1329	M578	M522,M523	M9	M526	P331,L405	P295	M45,M74	M207	M173,M306	M420	M448	M17,M198	M417	Z645,Z647	Z283	M458	CTS11962							
R1a	ROOT	L1085,L1130,L1155	V168,V171,P305	P108,V221	M42,P97	M168	P143	M89,M213,P14	F1329	M578	M522,M523	M9	M526	P331,L405	P295	M45,M74	M207	M173,M306	M420	M448	M17,M198	M417	Z645,Z647	Z283	Z91								
R1a	ROOT	L1085,L1130,L1155	V168,V171,P305	P108,V221	M42,P97	M168	P143	M89,M213,P14	F1329	M578	M522,M523	M9	M526	P331,L405	P295	M45,M74	M207	M173,M306	M420	M448	M17,M198	M417	Z645,Z647	Z283	Z91	Z92							
R1a	ROOT	L1085,L1130,L1155	V168,V171,P305	P108,V221	M42,P97	M168	P143	M89,M213,P14	F1329	M578	M522,M523	M9	M526	P331,L405	P295	M45,M74	M207	M173,M306	M420	M448	M17,M198	M417	Z645,Z647	Z283	Z91	M558,CTS1211							
R1a	ROOT	L1085,L1130,L1155	V168,V171,P305	P108,V221	M42,P97	M168	P143	M89,M213,P14	F1329	M578	M522,M523	M9	M526	P331,L405	P295	M45,M74	M207	M173,M306	M420	M448	M17,M198	M417	Z645,Z647	Z283	Z91	M558,CTS1211	CTS3402						
R1a	ROOT	L1085,L1130,L1155	V168,V171,P305	P108,V221	M42,P97	M168	P143	M89,M213,P14	F1329	M578	M522,M523	M9	M526	P331,L405	P295	M45,M74	M207	M173,M306	M420	M448	M17,M198	M417	Z645,Z647	Z283	Z91	M558,CTS1211	CTS3402	L365					
R1a	ROOT	L1085,L1130,L1155	V168,V171,P305	P108,V221	M42,P97	M168	P143	M89,M213,P14	F1329	M578	M522,M523	M9	M526	P331,L405	P295	M45,M74	M207	M173,M306	M420	M448	M17,M198	M417	Z645,Z647	Z283	Z284								
R1a	ROOT	L1085,L1130,L1155	V168,V171,P305	P108,V221	M42,P97	M168	P143	M89,M213,P14	F1329	M578	M522,M523	M9	M526	P331,L405	P295	M45,M74	M207	M173,M306	M420	M448	M17,M198	M417	Z645,Z647	Z283	Z284	L448							
R1a	ROOT	L1085,L1130,L1155	V168,V171,P305	P108,V221	M42,P97	M168	P143	M89,M213,P14	F1329	M578	M522,M523	M9	M526	P331,L405	P295	M45,M74	M207	M173,M306	M420	M448	M17,M198	M417	Z645,Z647	Z283	Z284	Z287,Z288							
R1a	ROOT	L1085,L1130,L1155	V168,V171,P305	P108,V221	M42,P97	M168	P143	M89,M213,P14	F1329	M578	M522,M523	M9	M526	P331,L405	P295	M45,M74	M207	M173,M306	M420	M448	M17,M198	M417	Z645,Z647	Z93									
R1a	ROOT	L1085,L1130,L1155	V168,V171,P305	P108,V221	M42,P97	M168	P143	M89,M213,P14	F1329	M578	M522,M523	M9	M526	P331,L405	P295	M45,M74	M207	M173,M306	M420	M448	M17,M198	M417	Z645,Z647	Z93	Z94,Z95								
R1a	ROOT	L1085,L1130,L1155	V168,V171,P305	P108,V221	M42,P97	M168	P143	M89,M213,P14	F1329	M578	M522,M523	M9	M526	P331,L405	P295	M45,M74	M207	M173,M306	M420	M448	M17,M198	M417	Z645,Z647	Z93	Z94,Z95	Y40							
R1a	ROOT	L1085,L1130,L1155	V168,V171,P305	P108,V221	M42,P97	M168	P143	M89,M213,P14	F1329	M578	M522,M523	M9	M526	P331,L405	P295	M45,M74	M207	M173,M306	M420	M448	M17,M198	M417	Z645,Z647	Z93	Z94,Z95	L657,M780							
R1a	ROOT	L1085,L1130,L1155	V168,V171,P305	P108,V221	M42,P97	M168	P143	M89,M213,P14	F1329	M578	M522,M523	M9	M526	P331,L405	P295	M45,M74	M207	M173,M306	M420	M448	M17,M198	M417	Z645,Z647	Z93	Z94,Z95	L657,M780	Y4						
R1a	ROOT	L1085,L1130,L1155	V168,V171,P305	P108,V221	M42,P97	M168	P143	M89,M213,P14	F1329	M578	M522,M523	M9	M526	P331,L405	P295	M45,M74	M207	M173,M306	M420	M448	M17,M198	M417	Z645,Z647	Z93	Z94,Z95	L657,M780	Y9						
R1a	ROOT	L1085,L1130,L1155	V168,V171,P305	P108,V221	M42,P97	M168	P143	M89,M213,P14	F1329	M578	M522,M523	M9	M526	P331,L405	P295	M45,M74	M207	M173,M306	M420	M448	M17,M198	M417	Z645,Z647	Z93	Z94,Z95	Z2124							
R1a	ROOT	L1085,L1130,L1155	V168,V171,P305	P108,V221	M42,P97	M168	P143	M89,M213,P14	F1329	M578	M522,M523	M9	M526	P331,L405	P295	M45,M74	M207	M173,M306	M420	M448	M17,M198	M417	Z645,Z647	Z93	Z94,Z95	Z2124	Z2122						
R1a	ROOT	L1085,L1130,L1155	V168,V171,P305	P108,V221	M42,P97	M168	P143	M89,M213,P14	F1329	M578	M522,M523	M9	M526	P331,L405	P295	M45,M74	M207	M173,M306	M420	M448	M17,M198	M417	Z645,Z647	Z93	Z94,Z95	Z2124	Z2122	M582,CTS6					
R1a	ROOT	L1085,L1130,L1155	V168,V171,P305	P108,V221	M42,P97	M168	P143	M89,M213,P14	F1329	M578	M522,M523	M9	M526	P331,L405	P295	M45,M74	M207	M173,M306	M420	M448	M17,M198	M417	Z645,Z647	Z93	Z94,Z95	Z2124	Z2125						
R1b	ROOT	L1085,L1130,L1155	V168,V171,P305	P108,V221	M42,P97	M168	P143	M89,M213,P14	F1329	M578	M522,M523	M9	M526	P331,L405	P295	M45,M74	M207	M173,M306	M343,M415														
R1b	ROOT	L1085,L1130,L1155	V168,V171,P305	P108,V221	M42,P97	M168	P143	M89,M213,P14	F1329	M578	M522,M523	M9	M526	P331,L405	P295	M45,M74	M207	M173,M306	M343,M415	PH1165													
R1b	ROOT	L1085,L1130,L1155	V168,V171,P305	P108,V221	M42,P97	M168	P143	M89,M213,P14	F1329	M578	M522,M523	M9	M526	P331,L405	P295	M45,M74	M207	M173,M306	M343,M415	L754													
R1b	ROOT	L1085,L1130,L1155	V168,V171,P305	P108,V221	M42,P97	M168	P143	M89,M213,P14	F1329	M578	M522,M523	M9	M526	P331,L405	P295	M45,M74	M207	M173,M306	M343,M415	L754	V88												
R1b	ROOT	L1085,L1130,L1155	V168,V171,P305	P108,V221	M42,P97	M168	P143	M89,M213,P14	F1329	M578	M522,M523	M9	M526	P331,L405	P295	M45,M74	M207	M173,M306	M343,M415	L754	V88	PF7545											
R1b	ROOT	L1085,L1130,L1155	V168,V171,P305	P108,V221	M42,P97	M168	P143	M89,M213,P14	F1329	M578	M522,M523	M9	M526	P331,L405	P295	M45,M74	M207	M173,M306	M343,M415	L754	V88	PF7545	Y7771										
R1b	ROOT	L1085,L1130,L1155	V168,V171,P305	P108,V221	M42,P97	M168	P143	M89,M213,P14	F1329	M578	M522,M523	M9	M526	P331,L405	P295	M45,M74	M207	M173,M306	M343,M415	L754	L389												
R1b	ROOT	L1085,L1130,L1155	V168,V171,P305	P108,V221	M42,P97	M168	P143	M89,M213,P14	F1329	M578	M522,M523	M9	M526	P331,L405	P295	M45,M74	M207	M173,M306	M343,M415	L754	L389	P297											
R1b	ROOT	L1085,L1130,L1155	V168,V171,P305	P108,V221	M42,P97	M168	P143	M89,M213,P14	F1329	M578	M522,M523	M9	M526	P331,L405	P295	M45,M74	M207	M173,M306	M343,M415	L754	L389	P297	M73,M478										
R1b	ROOT	L1085,L1130,L1155	V168,V171,P305	P108,V221	M42,P97	M168	P143	M89,M213,P14	F1329	M578	M522,M523	M9	M526	P331,L405	P295	M45,M74	M207	M173,M306	M343,M415	L754	L389	P297	M269,M520										
R1b	ROOT	L1085,L1130,L1155	V168,V171,P305	P108,V221	M42,P97	M168	P143	M89,M213,P14	F1329	M578	M522,M523	M9	M526	P331,L405	P295	M45,M74	M207	M173,M306	M343,M415	L754	L389	P297	M269,M520	L23,L757									
R1b	ROOT	L1085,L1130,L1155	V168,V171,P305	P108,V221	M42,P97	M168	P143	M89,M213,P14	F1329	M578	M522,M523	M9	M526	P331,L405	P295	M45,M74	M207	M173,M306	M343,M415	L754	L389	P297	M269,M520	L23,L757	Z2103,Z2105								
R1b	ROOT	L1085,L1130,L1155	V168,V171,P305	P108,V221	M42,P97	M168	P143	M89,M213,P14	F1329	M578	M522,M523	M9	M526	P331,L405	P295	M45,M74	M207	M173,M306	M343,M415	L754	L389	P297	M269,M520	L23,L757	M412								
R1b	ROOT	L1085,L1130,L1155	V168,V171,P305	P108,V221	M42,P97	M168	P143	M89,M213,P14	F1329	M578	M522,M523	M9	M526	P331,L405	P295	M45,M74	M207	M173,M306	M343,M415	L754	L389	P297	M269,M520	L23,L757	M412	L11,L52,P310,P311							
R1b	ROOT	L1085,L1130,L1155	V168,V171,P305	P108,V221	M42,P97	M168	P143	M89,M213,P14	F1329	M578	M522,M523	M9	M526	P331,L405	P295	M45,M74	M207	M173,M306	M343,M415	L754	L389	P297	M269,M520	L23,L757	M412	L11,L52,P310,P311	U106						
R1b	ROOT	L1085,L1130,L1155	V168,V171,P305	P108,V221	M42,P97	M168	P143	M89,M213,P14	F1329	M578	M522,M523	M9	M526	P331,L405	P295	M45,M74	M207	M173,M306	M343,M415	L754	L389	P297	M269,M520	L23,L757	M412	L11,L52,P310,P311	U106	Z8057					
R1b	ROOT	L1085,L1130,L1155	V168,V171,P305	P108,V221	M42,P97	M168	P143	M89,M213,P14	F1329	M578	M522,M523	M9	M526	P331,L405	P295	M45,M74	M207	M173,M306	M343,M415	L754	L389	P297	M269,M520	L23,L757	M412	L11,L52,P310,P311	U106	Z18					
R1b	ROOT	L1085,L1130,L1155	V168,V171,P305	P108,V221	M42,P97	M168	P143	M89,M213,P14	F1329	M578	M522,M523	M9	M526	P331,L405	P295	M45,M74	M207	M173,M306	M343,M415	L754	L389	P297	M269,M520	L23,L757	M412	L11,L52,P310,P311	U106	Z381					
R1b	ROOT	L1085,L1130,L1155	V168,V171,P305	P108,V221	M42,P97	M168	P143	M89,M213,P14	F1329	M578	M522,M523	M9	M526	P331,L405	P295	M45,M74	M207	M173,M306	M343,M415	L754	L389	P297	M269,M520	L23,L757	M412	L11,L52,P310,P311	U106	Z381	Z156				
R1b	ROOT	L1085,L1130,L1155	V168,V171,P305	P108,V221	M42,P97	M168	P143	M89,M213,P14	F1329	M578	M522,M523	M9	M526	P331,L405	P295	M45,M74	M207	M173,M306	M343,M415	L754	L389	P297	M269,M520	L23,L757	M412	L11,L52,P310,P311	U106	Z381	Z301				
R1b	ROOT	L1085,L1130,L1155	V168,V171,P305	P108,V221	M42,P97	M168	P143	M89,M213,P14	F1329	M578	M522,M523	M9	M526	P331,L405	P295	M45,M74	M207	M173,M306	M343,M415	L754	L389	P297	M269,M520	L23,L757	M412	L11,L52,P310,P311	U106	Z381	Z301	U198			
R1b	ROOT	L1085,L1130,L1155	V168,V171,P305	P108,V221	M42,P97	M168	P143	M89,M213,P14	F1329	M578	M522,M523	M9	M526	P331,L405	P295	M45,M74	M207	M173,M306	M343,M415	L754	L389	P297	M269,M520	L23,L757	M412	L11,L52,P310,P311	U106	Z381	Z301	L48			
R1b	ROOT	L1085,L1130,L1155	V168,V171,P305	P108,V221	M42,P97	M168	P143	M89,M213,P14	F1329	M578	M522,M523	M9	M526	P331,L405	P295	M45,M74	M207	M173,M306	M343,M415	L754	L389	P297	M269,M520	L23,L757	M412	L11,L52,P310,P311	U106	Z381	Z301	L48	L47		
R1b	ROOT	L1085,L1130,L1155	V168,V171,P305	P108,V221	M42,P97	M168	P143	M89,M213,P14	F1329	M578	M522,M523	M9	M526	P331,L405	P295	M45,M74	M207	M173,M306	M343,M415	L754	L389	P297	M269,M520	L23,L757	M412	L11,L52,P310,P311	U106	Z381	Z301	L48	Z9		
R1b	ROOT	L1085,L1130,L1155	V168,V171,P305	P108,V221	M42,P97	M168	P143	M89,M213,P14	F1329	M578	M522,M523	M9	M526	P331,L405	P295	M45,M74	M207	M173,M306	M343,M415	L754	L389	P297	M269,M520	L23,L757	M412	L11,L52,P310,P311	U106	Z381	Z301	L48	Z9	Z30	
R1b	ROOT	L1085,L1130,L1155	V168,V171,P305	P108,V221	M42,P97	M168	P143	M89,M213,P14	F1329	M578	M522,M523	M9	M526	P331,L405	P295	M45,M74	M207	M173,M306	M343,M415	L754	L389	P297	M269,M520	L23,L757	M412	L11,L52,P310,P311	U106	Z381	Z301	L48	Z9	Z331	
R1b	ROOT	L1085,L1130,L1155	V168,V171,P305	P108,V221	M42,P97	M168	P143	M89,M213,P14	F1329	M578	M522,M523	M9	M526	P331,L405	P295	M45,M74	M207	M173,M306	M343,M415	L754	L389	P297	M269,M520	L23,L757	M412	L11,L52,P310,P311	U106	FGC396					
R1b	ROOT	L1085,L1130,L1155	V168,V171,P305	P108,V221	M42,P97	M168	P143	M89,M213,P14	F1329	M578	M522,M523	M9	M526	P331,L405	P295	M45,M74	M207	M173,M306	M343,M415	L754	L389	P297	M269,M520	L23,L757	M412	L11,L52,P310,P311	P312						
R1b	ROOT	L1085,L1130,L1155	V168,V171,P305	P108,V221	M42,P97	M168	P143	M89,M213,P14	F1329	M578	M522,M523	M9	M526	P331,L405	P295	M45,M74	M207	M173,M306	M343,M415	L754	L389	P297	M269,M520	L23,L757	M412	L11,L52,P310,P311	P312	L238					
R1b	ROOT	L1085,L1130,L1155	V168,V171,P305	P108,V221	M42,P97	M168	P143	M89,M213,P14	F1329	M578	M522,M523	M9	M526	P331,L405	P295	M45,M74	M207	M173,M306	M343,M415	L754	L389	P297	M269,M520	L23,L757	M412	L11,L52,P310,P311	P312	DF19					
R1b	ROOT	L1085,L1130,L1155	V168,V171,P305	P108,V221	M42,P97	M168	P143	M89,M213,P14	F1329	M578	M522,M523	M9	M526	P331,L405	P295	M45,M74	M207	M173,M306	M343,M415	L754	L389	P297	M269,M520	L23,L757	M412	L11,L52,P310,P311	P312	DF99					
R1b	ROOT	L1085,L1130,L1155	V168,V171,P305	P108,V221	M42,P97	M168	P143	M89,M213,P14	F1329	M578	M522,M523	M9	M526	P331,L405	P295	M45,M74	M207	M173,M306	M343,M415	L754	L389	P297	M269,M520	L23,L757	M412	L11,L52,P310,P311	P312	DF27					
R1b	ROOT	L1085,L1130,L1155	V168,V171,P305	P108,V221	M42,P97	M168	P143	M89,M213,P14	F1329	M578	M522,M523	M9	M526	P331,L405	P295	M45,M74	M207	M173,M306	M343,M415	L754	L389	P297	M269,M520	L23,L757	M412	L11,L52,P310,P311	P312	DF27	Z225,Z229				
R1b	ROOT	L1085,L1130,L1155	V168,V171,P305	P108,V221	M42,P97	M168	P143	M89,M213,P14	F1329	M578	M522,M523	M9	M526	P331,L405	P295	M45,M74	M207	M173,M306	M343,M415	L754	L389	P297	M269,M520	L23,L757	M412	L11,L52,P310,P311	P312	DF27	Z2552				
R1b	ROOT	L1085,L1130,L1155	V168,V171,P305	P108,V221	M42,P97	M168	P143	M89,M213,P14	F1329	M578	M522,M523	M9	M526	P331,L405	P295	M45,M74	M207	M173,M306	M343,M415	L754	L389	P297	M269,M520	L23,L757	M412	L11,L52,P310,P311	P312	DF27	Z2557				
R1b	ROOT	L1085,L1130,L1155	V168,V171,P305	P108,V221	M42,P97	M168	P143	M89,M213,P14	F1329	M578	M522,M523	M9	M526	P331,L405	P295	M45,M74	M207	M173,M306	M343,M415	L754	L389	P297	M269,M520	L23,L757	M412	L11,L52,P310,P311	P312	DF27	Z2560				
R1b	ROOT	L1085,L1130,L1155	V168,V171,P305	P108,V221	M42,P97	M168	P143	M89,M213,P14	F1329	M578	M522,M523	M9	M526	P331,L405	P295	M45,M74	M207	M173,M306	M343,M415	L754	L389	P297	M269,M520	L23,L757	M412	L11,L52,P310,P311	P312	DF27	Z31644				
R1b	ROOT	L1085,L1130,L1155	V168,V171,P305	P108,V221	M42,P97	M168	P143	M89,M213,P14	F1329	M578	M522,M523	M9	M526	P331,L405	P295	M45,M74	M207	M173,M306	M343,M415	L754	L389	P297	M269,M520	L23,L757	M412	L11,L52,P310,P311	P312	DF27	Z34609				
R1b	ROOT	L1085,L1130,L1155	V168,V171,P305	P108,V221	M42,P97	M168	P143	M89,M213,P14	F1329	M578	M522,M523	M9	M526	P331,L405	P295	M45,M74	M207	M173,M306	M343,M415	L754	L389	P297	M269,M520	L23,L757	M412	L11,L52,P310,P311	P312	DF27	Z195,Z196				
R1b	ROOT	L1085,L1130,L1155	V168,V171,P305	P108,V221	M42,P97	M168	P143	M89,M213,P14	F1329	M578	M522,M523	M9	M526	P331,L405	P295	M45,M74	M207	M173,M306	M343,M415	L754	L389	P297	M269,M520	L23,L757	M412	L11,L52,P310,P311	P312	DF27	Z195,Z196	Z274  Z272			
R1b	ROOT	L1085,L1130,L1155	V168,V171,P305	P108,V221	M42,P97	M168	P143	M89,M213,P14	F1329	M578	M522,M523	M9	M526	P331,L405	P295	M45,M74	M207	M173,M306	M343,M415	L754	L389	P297	M269,M520	L23,L757	M412	L11,L52,P310,P311	P312	DF27	Z195,Z196	Z274  Z272	Z209,Z220		
R1b	ROOT	L1085,L1130,L1155	V168,V171,P305	P108,V221	M42,P97	M168	P143	M89,M213,P14	F1329	M578	M522,M523	M9	M526	P331,L405	P295	M45,M74	M207	M173,M306	M343,M415	L754	L389	P297	M269,M520	L23,L757	M412	L11,L52,P310,P311	P312	DF27	Z195,Z196	Z274  Z272	Z209,Z220	Z216	
R1b	ROOT	L1085,L1130,L1155	V168,V171,P305	P108,V221	M42,P97	M168	P143	M89,M213,P14	F1329	M578	M522,M523	M9	M526	P331,L405	P295	M45,M74	M207	M173,M306	M343,M415	L754	L389	P297	M269,M520	L23,L757	M412	L11,L52,P310,P311	P312	DF27	Z195,Z196	Z274  Z272	Z209,Z220	Z216	Z214
R1b	ROOT	L1085,L1130,L1155	V168,V171,P305	P108,V221	M42,P97	M168	P143	M89,M213,P14	F1329	M578	M522,M523	M9	M526	P331,L405	P295	M45,M74	M207	M173,M306	M343,M415	L754	L389	P297	M269,M520	L23,L757	M412	L11,L52,P310,P311	P312	DF27	Z195,Z196	Z274  Z272	Z209,Z220	CTS4065	
R1b	ROOT	L1085,L1130,L1155	V168,V171,P305	P108,V221	M42,P97	M168	P143	M89,M213,P14	F1329	M578	M522,M523	M9	M526	P331,L405	P295	M45,M74	M207	M173,M306	M343,M415	L754	L389	P297	M269,M520	L23,L757	M412	L11,L52,P310,P311	P312	DF27	Z195,Z196	Z274  Z272	DF17		
R1b	ROOT	L1085,L1130,L1155	V168,V171,P305	P108,V221	M42,P97	M168	P143	M89,M213,P14	F1329	M578	M522,M523	M9	M526	P331,L405	P295	M45,M74	M207	M173,M306	M343,M415	L754	L389	P297	M269,M520	L23,L757	M412	L11,L52,P310,P311	P312	DF27	Z195,Z196	Z198			
R1b	ROOT	L1085,L1130,L1155	V168,V171,P305	P108,V221	M42,P97	M168	P143	M89,M213,P14	F1329	M578	M522,M523	M9	M526	P331,L405	P295	M45,M74	M207	M173,M306	M343,M415	L754	L389	P297	M269,M520	L23,L757	M412	L11,L52,P310,P311	P312	DF27	Z195,Z196	Z198	Z262		
R1b	ROOT	L1085,L1130,L1155	V168,V171,P305	P108,V221	M42,P97	M168	P143	M89,M213,P14	F1329	M578	M522,M523	M9	M526	P331,L405	P295	M45,M74	M207	M173,M306	M343,M415	L754	L389	P297	M269,M520	L23,L757	M412	L11,L52,P310,P311	P312	U152					
R1b	ROOT	L1085,L1130,L1155	V168,V171,P305	P108,V221	M42,P97	M168	P143	M89,M213,P14	F1329	M578	M522,M523	M9	M526	P331,L405	P295	M45,M74	M207	M173,M306	M343,M415	L754	L389	P297	M269,M520	L23,L757	M412	L11,L52,P310,P311	P312	U152	L2				
R1b	ROOT	L1085,L1130,L1155	V168,V171,P305	P108,V221	M42,P97	M168	P143	M89,M213,P14	F1329	M578	M522,M523	M9	M526	P331,L405	P295	M45,M74	M207	M173,M306	M343,M415	L754	L389	P297	M269,M520	L23,L757	M412	L11,L52,P310,P311	P312	U152	L2	Z367			
R1b	ROOT	L1085,L1130,L1155	V168,V171,P305	P108,V221	M42,P97	M168	P143	M89,M213,P14	F1329	M578	M522,M523	M9	M526	P331,L405	P295	M45,M74	M207	M173,M306	M343,M415	L754	L389	P297	M269,M520	L23,L757	M412	L11,L52,P310,P311	P312	U152	L2	Z367	L20		
R1b	ROOT	L1085,L1130,L1155	V168,V171,P305	P108,V221	M42,P97	M168	P143	M89,M213,P14	F1329	M578	M522,M523	M9	M526	P331,L405	P295	M45,M74	M207	M173,M306	M343,M415	L754	L389	P297	M269,M520	L23,L757	M412	L11,L52,P310,P311	P312	U152	L2	Z367	Z34		
R1b	ROOT	L1085,L1130,L1155	V168,V171,P305	P108,V221	M42,P97	M168	P143	M89,M213,P14	F1329	M578	M522,M523	M9	M526	P331,L405	P295	M45,M74	M207	M173,M306	M343,M415	L754	L389	P297	M269,M520	L23,L757	M412	L11,L52,P310,P311	P312	U152	L2	Z49			
R1b	ROOT	L1085,L1130,L1155	V168,V171,P305	P108,V221	M42,P97	M168	P143	M89,M213,P14	F1329	M578	M522,M523	M9	M526	P331,L405	P295	M45,M74	M207	M173,M306	M343,M415	L754	L389	P297	M269,M520	L23,L757	M412	L11,L52,P310,P311	P312	U152	L2	Z49	Z142		
R1b	ROOT	L1085,L1130,L1155	V168,V171,P305	P108,V221	M42,P97	M168	P143	M89,M213,P14	F1329	M578	M522,M523	M9	M526	P331,L405	P295	M45,M74	M207	M173,M306	M343,M415	L754	L389	P297	M269,M520	L23,L757	M412	L11,L52,P310,P311	P312	U152	Z36				
R1b	ROOT	L1085,L1130,L1155	V168,V171,P305	P108,V221	M42,P97	M168	P143	M89,M213,P14	F1329	M578	M522,M523	M9	M526	P331,L405	P295	M45,M74	M207	M173,M306	M343,M415	L754	L389	P297	M269,M520	L23,L757	M412	L11,L52,P310,P311	P312	U152	Z56				
R1b	ROOT	L1085,L1130,L1155	V168,V171,P305	P108,V221	M42,P97	M168	P143	M89,M213,P14	F1329	M578	M522,M523	M9	M526	P331,L405	P295	M45,M74	M207	M173,M306	M343,M415	L754	L389	P297	M269,M520	L23,L757	M412	L11,L52,P310,P311	P312	U152	Z56	S47			
R1b	ROOT	L1085,L1130,L1155	V168,V171,P305	P108,V221	M42,P97	M168	P143	M89,M213,P14	F1329	M578	M522,M523	M9	M526	P331,L405	P295	M45,M74	M207	M173,M306	M343,M415	L754	L389	P297	M269,M520	L23,L757	M412	L11,L52,P310,P311	P312	U152	Z56	Z144,Z145,Z146			
R1b	ROOT	L1085,L1130,L1155	V168,V171,P305	P108,V221	M42,P97	M168	P143	M89,M213,P14	F1329	M578	M522,M523	M9	M526	P331,L405	P295	M45,M74	M207	M173,M306	M343,M415	L754	L389	P297	M269,M520	L23,L757	M412	L11,L52,P310,P311	P312	U152	Z192				
R1b	ROOT	L1085,L1130,L1155	V168,V171,P305	P108,V221	M42,P97	M168	P143	M89,M213,P14	F1329	M578	M522,M523	M9	M526	P331,L405	P295	M45,M74	M207	M173,M306	M343,M415	L754	L389	P297	M269,M520	L23,L757	M412	L11,L52,P310,P311	P312	M529					
R1b	ROOT	L1085,L1130,L1155	V168,V171,P305	P108,V221	M42,P97	M168	P143	M89,M213,P14	F1329	M578	M522,M523	M9	M526	P331,L405	P295	M45,M74	M207	M173,M306	M343,M415	L754	L389	P297	M269,M520	L23,L757	M412	L11,L52,P310,P311	P312	M529	DF63				
R1b	ROOT	L1085,L1130,L1155	V168,V171,P305	P108,V221	M42,P97	M168	P143	M89,M213,P14	F1329	M578	M522,M523	M9	M526	P331,L405	P295	M45,M74	M207	M173,M306	M343,M415	L754	L389	P297	M269,M520	L23,L757	M412	L11,L52,P310,P311	P312	M529	DF13,Z2542				
R1b	ROOT	L1085,L1130,L1155	V168,V171,P305	P108,V221	M42,P97	M168	P143	M89,M213,P14	F1329	M578	M522,M523	M9	M526	P331,L405	P295	M45,M74	M207	M173,M306	M343,M415	L754	L389	P297	M269,M520	L23,L757	M412	L11,L52,P310,P311	P312	M529	DF13,Z2542	DF21			
R1b	ROOT	L1085,L1130,L1155	V168,V171,P305	P108,V221	M42,P97	M168	P143	M89,M213,P14	F1329	M578	M522,M523	M9	M526	P331,L405	P295	M45,M74	M207	M173,M306	M343,M415	L754	L389	P297	M269,M520	L23,L757	M412	L11,L52,P310,P311	P312	M529	DF13,Z2542	DF21	P314		
R1b	ROOT	L1085,L1130,L1155	V168,V171,P305	P108,V221	M42,P97	M168	P143	M89,M213,P14	F1329	M578	M522,M523	M9	M526	P331,L405	P295	M45,M74	M207	M173,M306	M343,M415	L754	L389	P297	M269,M520	L23,L757	M412	L11,L52,P310,P311	P312	M529	DF13,Z2542	DF21	Z246		
R1b	ROOT	L1085,L1130,L1155	V168,V171,P305	P108,V221	M42,P97	M168	P143	M89,M213,P14	F1329	M578	M522,M523	M9	M526	P331,L405	P295	M45,M74	M207	M173,M306	M343,M415	L754	L389	P297	M269,M520	L23,L757	M412	L11,L52,P310,P311	P312	M529	DF13,Z2542	DF21	S3058		
R1b	ROOT	L1085,L1130,L1155	V168,V171,P305	P108,V221	M42,P97	M168	P143	M89,M213,P14	F1329	M578	M522,M523	M9	M526	P331,L405	P295	M45,M74	M207	M173,M306	M343,M415	L754	L389	P297	M269,M520	L23,L757	M412	L11,L52,P310,P311	P312	M529	DF13,Z2542	DF41			
R1b	ROOT	L1085,L1130,L1155	V168,V171,P305	P108,V221	M42,P97	M168	P143	M89,M213,P14	F1329	M578	M522,M523	M9	M526	P331,L405	P295	M45,M74	M207	M173,M306	M343,M415	L754	L389	P297	M269,M520	L23,L757	M412	L11,L52,P310,P311	P312	M529	DF13,Z2542	DF49			
R1b	ROOT	L1085,L1130,L1155	V168,V171,P305	P108,V221	M42,P97	M168	P143	M89,M213,P14	F1329	M578	M522,M523	M9	M526	P331,L405	P295	M45,M74	M207	M173,M306	M343,M415	L754	L389	P297	M269,M520	L23,L757	M412	L11,L52,P310,P311	P312	M529	DF13,Z2542	DF49	DF23		
R1b	ROOT	L1085,L1130,L1155	V168,V171,P305	P108,V221	M42,P97	M168	P143	M89,M213,P14	F1329	M578	M522,M523	M9	M526	P331,L405	P295	M45,M74	M207	M173,M306	M343,M415	L754	L389	P297	M269,M520	L23,L757	M412	L11,L52,P310,P311	P312	M529	DF13,Z2542	DF49	DF23	Z2961	
R1b	ROOT	L1085,L1130,L1155	V168,V171,P305	P108,V221	M42,P97	M168	P143	M89,M213,P14	F1329	M578	M522,M523	M9	M526	P331,L405	P295	M45,M74	M207	M173,M306	M343,M415	L754	L389	P297	M269,M520	L23,L757	M412	L11,L52,P310,P311	P312	M529	DF13,Z2542	DF49	DF23	Z2961	M222
R1b	ROOT	L1085,L1130,L1155	V168,V171,P305	P108,V221	M42,P97	M168	P143	M89,M213,P14	F1329	M578	M522,M523	M9	M526	P331,L405	P295	M45,M74	M207	M173,M306	M343,M415	L754	L389	P297	M269,M520	L23,L757	M412	L11,L52,P310,P311	P312	M529	DF13,Z2542	L513,Z249			
R1b	ROOT	L1085,L1130,L1155	V168,V171,P305	P108,V221	M42,P97	M168	P143	M89,M213,P14	F1329	M578	M522,M523	M9	M526	P331,L405	P295	M45,M74	M207	M173,M306	M343,M415	L754	L389	P297	M269,M520	L23,L757	M412	L11,L52,P310,P311	P312	M529	DF13,Z2542	L1335			
R1b	ROOT	L1085,L1130,L1155	V168,V171,P305	P108,V221	M42,P97	M168	P143	M89,M213,P14	F1329	M578	M522,M523	M9	M526	P331,L405	P295	M45,M74	M207	M173,M306	M343,M415	L754	L389	P297	M269,M520	L23,L757	M412	L11,L52,P310,P311	P312	M529	DF13,Z2542	Z251			
R1b	ROOT	L1085,L1130,L1155	V168,V171,P305	P108,V221	M42,P97	M168	P143	M89,M213,P14	F1329	M578	M522,M523	M9	M526	P331,L405	P295	M45,M74	M207	M173,M306	M343,M415	L754	L389	P297	M269,M520	L23,L757	M412	L11,L52,P310,P311	P312	M529	DF13,Z2542	Z253			
R1b	ROOT	L1085,L1130,L1155	V168,V171,P305	P108,V221	M42,P97	M168	P143	M89,M213,P14	F1329	M578	M522,M523	M9	M526	P331,L405	P295	M45,M74	M207	M173,M306	M343,M415	L754	L389	P297	M269,M520	L23,L757	M412	L11,L52,P310,P311	P312	M529	DF13,Z2542	Z253	Z2534		
R1b	ROOT	L1085,L1130,L1155	V168,V171,P305	P108,V221	M42,P97	M168	P143	M89,M213,P14	F1329	M578	M522,M523	M9	M526	P331,L405	P295	M45,M74	M207	M173,M306	M343,M415	L754	L389	P297	M269,M520	L23,L757	M412	L11,L52,P310,P311	P312	M529	DF13,Z2542	Z255			
R1b	ROOT	L1085,L1130,L1155	V168,V171,P305	P108,V221	M42,P97	M168	P143	M89,M213,P14	F1329	M578	M522,M523	M9	M526	P331,L405	P295	M45,M74	M207	M173,M306	M343,M415	L754	L389	P297	M269,M520	L23,L757	M412	L11,L52,P310,P311	P312	M529	DF13,Z2542	Y3550			
R2	ROOT	L1085,L1130,L1155	V168,V171,P305	P108,V221	M42,P97	M168	P143	M89,M213,P14	F1329	M578	M522,M523	M9	M526	P331,L405	P295	M45,M74	M207	M479															
R2	ROOT	L1085,L1130,L1155	V168,V171,P305	P108,V221	M42,P97	M168	P143	M89,M213,P14	F1329	M578	M522,M523	M9	M526	P331,L405	P295	M45,M74	M207	M479	M124														
R2	ROOT	L1085,L1130,L1155	V168,V171,P305	P108,V221	M42,P97	M168	P143	M89,M213,P14	F1329	M578	M522,M523	M9	M526	P331,L405	P295	M45,M74	M207	M479	M124	L295													
R2	ROOT	L1085,L1130,L1155	V168,V171,P305	P108,V221	M42,P97	M168	P143	M89,M213,P14	F1329	M578	M522,M523	M9	M526	P331,L405	P295	M45,M74	M207	M479	M124	L295	Y1280,Y1285												
R2	ROOT	L1085,L1130,L1155	V168,V171,P305	P108,V221	M42,P97	M168	P143	M89,M213,P14	F1329	M578	M522,M523	M9	M526	P331,L405	P295	M45,M74	M207	M479	M124	L295	Y1332,Y1336												
X	ROOT	L1085,L1130,L1155	V168,V171,P305	P108,V221	M42,P97	M168	P143	M89,M213,P14	F1329	M578	M522,M523	M9	M526	F549,F650,M2308																			
NO	ROOT	L1085,L1130,L1155	V168,V171,P305	P108,V221	M42,P97	M168	P143	M89,M213,P14	F1329	M578	M522,M523	M9	M526	F549,F650,M2308	M214																		
N	ROOT	L1085,L1130,L1155	V168,V171,P305	P108,V221	M42,P97	M168	P143	M89,M213,P14	F1329	M578	M522,M523	M9	M526	F549,F650,M2308	M214	M231																	
N	ROOT	L1085,L1130,L1155	V168,V171,P305	P108,V221	M42,P97	M168	P143	M89,M213,P14	F1329	M578	M522,M523	M9	M526	F549,F650,M2308	M214	M231	Y6503																
N	ROOT	L1085,L1130,L1155	V168,V171,P305	P108,V221	M42,P97	M168	P143	M89,M213,P14	F1329	M578	M522,M523	M9	M526	F549,F650,M2308	M214	M231	L735,Z4762																
N	ROOT	L1085,L1130,L1155	V168,V171,P305	P108,V221	M42,P97	M168	P143	M89,M213,P14	F1329	M578	M522,M523	M9	M526	F549,F650,M2308	M214	M231	L735,Z4762	F2930,F2905															
N	ROOT	L1085,L1130,L1155	V168,V171,P305	P108,V221	M42,P97	M168	P143	M89,M213,P14	F1329	M578	M522,M523	M9	M526	F549,F650,M2308	M214	M231	L735,Z4762	F2930,F2905	F830														
N	ROOT	L1085,L1130,L1155	V168,V171,P305	P108,V221	M42,P97	M168	P143	M89,M213,P14	F1329	M578	M522,M523	M9	M526	F549,F650,M2308	M214	M231	L735,Z4762	F2930,F2905	F4201,F2569														
N	ROOT	L1085,L1130,L1155	V168,V171,P305	P108,V221	M42,P97	M168	P143	M89,M213,P14	F1329	M578	M522,M523	M9	M526	F549,F650,M2308	M214	M231	L735,Z4762	L729,F1206															
N	ROOT	L1085,L1130,L1155	V168,V171,P305	P108,V221	M42,P97	M168	P143	M89,M213,P14	F1329	M578	M522,M523	M9	M526	F549,F650,M2308	M214	M231	L735,Z4762	L729,F1206	L666,F3163														
N	ROOT	L1085,L1130,L1155	V168,V171,P305	P108,V221	M42,P97	M168	P143	M89,M213,P14	F1329	M578	M522,M523	M9	M526	F549,F650,M2308	M214	M231	L735,Z4762	L729,F1206	L666,F3163	F1154													
N	ROOT	L1085,L1130,L1155	V168,V171,P305	P108,V221	M42,P97	M168	P143	M89,M213,P14	F1329	M578	M522,M523	M9	M526	F549,F650,M2308	M214	M231	L735,Z4762	L729,F1206	L666,F3163	P43													
N	ROOT	L1085,L1130,L1155	V168,V171,P305	P108,V221	M42,P97	M168	P143	M89,M213,P14	F1329	M578	M522,M523	M9	M526	F549,F650,M2308	M214	M231	L735,Z4762	L729,F1206	L666,F3163	P43	P63												
N	ROOT	L1085,L1130,L1155	V168,V171,P305	P108,V221	M42,P97	M168	P143	M89,M213,P14	F1329	M578	M522,M523	M9	M526	F549,F650,M2308	M214	M231	L735,Z4762	L729,F1206	M46,P105														
N	ROOT	L1085,L1130,L1155	V168,V171,P305	P108,V221	M42,P97	M168	P143	M89,M213,P14	F1329	M578	M522,M523	M9	M526	F549,F650,M2308	M214	M231	L735,Z4762	L729,F1206	M46,P105	M178													
N	ROOT	L1085,L1130,L1155	V168,V171,P305	P108,V221	M42,P97	M168	P143	M89,M213,P14	F1329	M578	M522,M523	M9	M526	F549,F650,M2308	M214	M231	L735,Z4762	L729,F1206	M46,P105	M178	L708,L839												
N	ROOT	L1085,L1130,L1155	V168,V171,P305	P108,V221	M42,P97	M168	P143	M89,M213,P14	F1329	M578	M522,M523	M9	M526	F549,F650,M2308	M214	M231	L735,Z4762	L729,F1206	M46,P105	M178	L708,L839	L392,L1026											
N	ROOT	L1085,L1130,L1155	V168,V171,P305	P108,V221	M42,P97	M168	P143	M89,M213,P14	F1329	M578	M522,M523	M9	M526	F549,F650,M2308	M214	M231	L735,Z4762	L729,F1206	M46,P105	M178	L708,L839	L392,L1026	VL29										
N	ROOT	L1085,L1130,L1155	V168,V171,P305	P108,V221	M42,P97	M168	P143	M89,M213,P14	F1329	M578	M522,M523	M9	M526	F549,F650,M2308	M214	M231	L735,Z4762	L729,F1206	M46,P105	M178	L708,L839	L392,L1026	VL29	L550									
N	ROOT	L1085,L1130,L1155	V168,V171,P305	P108,V221	M42,P97	M168	P143	M89,M213,P14	F1329	M578	M522,M523	M9	M526	F549,F650,M2308	M214	M231	L735,Z4762	L729,F1206	M46,P105	M178	L708,L839	L392,L1026	VL29	L550	L1025								
N	ROOT	L1085,L1130,L1155	V168,V171,P305	P108,V221	M42,P97	M168	P143	M89,M213,P14	F1329	M578	M522,M523	M9	M526	F549,F650,M2308	M214	M231	L735,Z4762	L729,F1206	M46,P105	M178	L708,L839	L392,L1026	VL29	L550	L1025	M2783							
N	ROOT	L1085,L1130,L1155	V168,V171,P305	P108,V221	M42,P97	M168	P143	M89,M213,P14	F1329	M578	M522,M523	M9	M526	F549,F650,M2308	M214	M231	L735,Z4762	L729,F1206	M46,P105	M178	L708,L839	L392,L1026	Z1936										
N	ROOT	L1085,L1130,L1155	V168,V171,P305	P108,V221	M42,P97	M168	P143	M89,M213,P14	F1329	M578	M522,M523	M9	M526	F549,F650,M2308	M214	M231	L735,Z4762	L729,F1206	M46,P105	M178	L708,L839	L392,L1026	Z1936	Z1925,Z1935									
N	ROOT	L1085,L1130,L1155	V168,V171,P305	P108,V221	M42,P97	M168	P143	M89,M213,P14	F1329	M578	M522,M523	M9	M526	F549,F650,M2308	M214	M231	L735,Z4762	L729,F1206	M46,P105	M178	L708,L839	L392,L1026	Z1936	Z1925,Z1935	Z1941								
N	ROOT	L1085,L1130,L1155	V168,V171,P305	P108,V221	M42,P97	M168	P143	M89,M213,P14	F1329	M578	M522,M523	M9	M526	F549,F650,M2308	M214	M231	L735,Z4762	L729,F1206	M46,P105	M178	L708,L839	L392,L1026	Z1936	Z1925,Z1935	VL25								
N	ROOT	L1085,L1130,L1155	V168,V171,P305	P108,V221	M42,P97	M168	P143	M89,M213,P14	F1329	M578	M522,M523	M9	M526	F549,F650,M2308	M214	M231	L735,Z4762	L729,F1206	M46,P105	M178	L708,L839	L392,L1026	Z1936	L1034									
O	ROOT	L1085,L1130,L1155	V168,V171,P305	P108,V221	M42,P97	M168	P143	M89,M213,P14	F1329	M578	M522,M523	M9	M526	F549,F650,M2308	M214	M175,P186																	
O1'2	ROOT	L1085,L1130,L1155	V168,V171,P305	P108,V221	M42,P97	M168	P143	M89,M213,P14	F1329	M578	M522,M523	M9	M526	F549,F650,M2308	M214	M175,P186	F75																
O1	ROOT	L1085,L1130,L1155	V168,V171,P305	P108,V221	M42,P97	M168	P143	M89,M213,P14	F1329	M578	M522,M523	M9	M526	F549,F650,M2308	M214	M175,P186	F75	M119															
O1	ROOT	L1085,L1130,L1155	V168,V171,P305	P108,V221	M42,P97	M168	P143	M89,M213,P14	F1329	M578	M522,M523	M9	M526	F549,F650,M2308	M214	M175,P186	F75	M119	P203														
O1	ROOT	L1085,L1130,L1155	V168,V171,P305	P108,V221	M42,P97	M168	P143	M89,M213,P14	F1329	M578	M522,M523	M9	M526	F549,F650,M2308	M214	M175,P186	F75	M119	M110,M50														
O2	ROOT	L1085,L1130,L1155	V168,V171,P305	P108,V221	M42,P97	M168	P143	M89,M213,P14	F1329	M578	M522,M523	M9	M526	F549,F650,M2308	M214	M175,P186	F75	M268,P31															
O2	ROOT	L1085,L1130,L1155	V168,V171,P305	P108,V221	M42,P97	M168	P143	M89,M213,P14	F1329	M578	M522,M523	M9	M526	F549,F650,M2308	M214	M175,P186	F75	M268,P31	F1462														
O2	ROOT	L1085,L1130,L1155	V168,V171,P305	P108,V221	M42,P97	M168	P143	M89,M213,P14	F1329	M578	M522,M523	M9	M526	F549,F650,M2308	M214	M175,P186	F75	M268,P31	F1462	PK4													
O2	ROOT	L1085,L1130,L1155	V168,V171,P305	P108,V221	M42,P97	M168	P143	M89,M213,P14	F1329	M578	M522,M523	M9	M526	F549,F650,M2308	M214	M175,P186	F75	M268,P31	F1462	PK4	M95												
O2	ROOT	L1085,L1130,L1155	V168,V171,P305	P108,V221	M42,P97	M168	P143	M89,M213,P14	F1329	M578	M522,M523	M9	M526	F549,F650,M2308	M214	M175,P186	F75	M268,P31	F1462	PK4	M95	F789											
O2	ROOT	L1085,L1130,L1155	V168,V171,P305	P108,V221	M42,P97	M168	P143	M89,M213,P14	F1329	M578	M522,M523	M9	M526	F549,F650,M2308	M214	M175,P186	F75	M268,P31	F1462	PK4	M95	F1252											
O2	ROOT	L1085,L1130,L1155	V168,V171,P305	P108,V221	M42,P97	M168	P143	M89,M213,P14	F1329	M578	M522,M523	M9	M526	F549,F650,M2308	M214	M175,P186	F75	M268,P31	M176,P49														
O2	ROOT	L1085,L1130,L1155	V168,V171,P305	P108,V221	M42,P97	M168	P143	M89,M213,P14	F1329	M578	M522,M523	M9	M526	F549,F650,M2308	M214	M175,P186	F75	M268,P31	M176,P49	CTS713,K7													
O2	ROOT	L1085,L1130,L1155	V168,V171,P305	P108,V221	M42,P97	M168	P143	M89,M213,P14	F1329	M578	M522,M523	M9	M526	F549,F650,M2308	M214	M175,P186	F75	M268,P31	M176,P49	K4													
O3	ROOT	L1085,L1130,L1155	V168,V171,P305	P108,V221	M42,P97	M168	P143	M89,M213,P14	F1329	M578	M522,M523	M9	M526	F549,F650,M2308	M214	M175,P186	M122																
O3	ROOT	L1085,L1130,L1155	V168,V171,P305	P108,V221	M42,P97	M168	P143	M89,M213,P14	F1329	M578	M522,M523	M9	M526	F549,F650,M2308	M214	M175,P186	M122	M324,P197,P200															
O3	ROOT	L1085,L1130,L1155	V168,V171,P305	P108,V221	M42,P97	M168	P143	M89,M213,P14	F1329	M578	M522,M523	M9	M526	F549,F650,M2308	M214	M175,P186	M122	M324,P197,P200	KL1														
O3	ROOT	L1085,L1130,L1155	V168,V171,P305	P108,V221	M42,P97	M168	P143	M89,M213,P14	F1329	M578	M522,M523	M9	M526	F549,F650,M2308	M214	M175,P186	M122	M324,P197,P200	KL1	JST002611													
O3	ROOT	L1085,L1130,L1155	V168,V171,P305	P108,V221	M42,P97	M168	P143	M89,M213,P14	F1329	M578	M522,M523	M9	M526	F549,F650,M2308	M214	M175,P186	M122	M324,P197,P200	KL1	JST002611	F11												
O3	ROOT	L1085,L1130,L1155	V168,V171,P305	P108,V221	M42,P97	M168	P143	M89,M213,P14	F1329	M578	M522,M523	M9	M526	F549,F650,M2308	M214	M175,P186	M122	M324,P197,P200	KL1	JST002611	F449												
O3	ROOT	L1085,L1130,L1155	V168,V171,P305	P108,V221	M42,P97	M168	P143	M89,M213,P14	F1329	M578	M522,M523	M9	M526	F549,F650,M2308	M214	M175,P186	M122	M324,P197,P200	KL1	F964													
O3	ROOT	L1085,L1130,L1155	V168,V171,P305	P108,V221	M42,P97	M168	P143	M89,M213,P14	F1329	M578	M522,M523	M9	M526	F549,F650,M2308	M214	M175,P186	M122	M324,P197,P200	P201														
O3	ROOT	L1085,L1130,L1155	V168,V171,P305	P108,V221	M42,P97	M168	P143	M89,M213,P14	F1329	M578	M522,M523	M9	M526	F549,F650,M2308	M214	M175,P186	M122	M324,P197,P200	P201	M188													
O3	ROOT	L1085,L1130,L1155	V168,V171,P305	P108,V221	M42,P97	M168	P143	M89,M213,P14	F1329	M578	M522,M523	M9	M526	F549,F650,M2308	M214	M175,P186	M122	M324,P197,P200	P201	M188	M7												
O3	ROOT	L1085,L1130,L1155	V168,V171,P305	P108,V221	M42,P97	M168	P143	M89,M213,P14	F1329	M578	M522,M523	M9	M526	F549,F650,M2308	M214	M175,P186	M122	M324,P197,P200	P201	P164													
O3	ROOT	L1085,L1130,L1155	V168,V171,P305	P108,V221	M42,P97	M168	P143	M89,M213,P14	F1329	M578	M522,M523	M9	M526	F549,F650,M2308	M214	M175,P186	M122	M324,P197,P200	P201	P164	M134												
O3	ROOT	L1085,L1130,L1155	V168,V171,P305	P108,V221	M42,P97	M168	P143	M89,M213,P14	F1329	M578	M522,M523	M9	M526	F549,F650,M2308	M214	M175,P186	M122	M324,P197,P200	P201	P164	M134	M117,M133,Page23											
O3	ROOT	L1085,L1130,L1155	V168,V171,P305	P108,V221	M42,P97	M168	P143	M89,M213,P14	F1329	M578	M522,M523	M9	M526	F549,F650,M2308	M214	M175,P186	M122	M324,P197,P200	P201	P164	M134	F444											
O3	ROOT	L1085,L1130,L1155	V168,V171,P305	P108,V221	M42,P97	M168	P143	M89,M213,P14	F1329	M578	M522,M523	M9	M526	F549,F650,M2308	M214	M175,P186	M122	M324,P197,P200	P201	P164	N6												
LT	ROOT	L1085,L1130,L1155	V168,V171,P305	P108,V221	M42,P97	M168	P143	M89,M213,P14	F1329	M578	M522,M523	M9	P326,L811																				
L	ROOT	L1085,L1130,L1155	V168,V171,P305	P108,V221	M42,P97	M168	P143	M89,M213,P14	F1329	M578	M522,M523	M9	P326,L811	M20																			
L1	ROOT	L1085,L1130,L1155	V168,V171,P305	P108,V221	M42,P97	M168	P143	M89,M213,P14	F1329	M578	M522,M523	M9	P326,L811	M20	M22																		
L1	ROOT	L1085,L1130,L1155	V168,V171,P305	P108,V221	M42,P97	M168	P143	M89,M213,P14	F1329	M578	M522,M523	M9	P326,L811	M20	M22	M2481																	
L1	ROOT	L1085,L1130,L1155	V168,V171,P305	P108,V221	M42,P97	M168	P143	M89,M213,P14	F1329	M578	M522,M523	M9	P326,L811	M20	M22	M2481	M27,M76																
L1	ROOT	L1085,L1130,L1155	V168,V171,P305	P108,V221	M42,P97	M168	P143	M89,M213,P14	F1329	M578	M522,M523	M9	P326,L811	M20	M22	M2481	M27,M76	Z5926															
L1	ROOT	L1085,L1130,L1155	V168,V171,P305	P108,V221	M42,P97	M168	P143	M89,M213,P14	F1329	M578	M522,M523	M9	P326,L811	M20	M22	M2481	M357																
L1	ROOT	L1085,L1130,L1155	V168,V171,P305	P108,V221	M42,P97	M168	P143	M89,M213,P14	F1329	M578	M522,M523	M9	P326,L811	M20	M22	M2481	M357	M2398															
L1	ROOT	L1085,L1130,L1155	V168,V171,P305	P108,V221	M42,P97	M168	P143	M89,M213,P14	F1329	M578	M522,M523	M9	P326,L811	M20	M22	M317																	
L1	ROOT	L1085,L1130,L1155	V168,V171,P305	P108,V221	M42,P97	M168	P143	M89,M213,P14	F1329	M578	M522,M523	M9	P326,L811	M20	M22	M317	M349																
L2	ROOT	L1085,L1130,L1155	V168,V171,P305	P108,V221	M42,P97	M168	P143	M89,M213,P14	F1329	M578	M522,M523	M9	P326,L811	M20	L595																		
T	ROOT	L1085,L1130,L1155	V168,V171,P305	P108,V221	M42,P97	M168	P143	M89,M213,P14	F1329	M578	M522,M523	M9	P326,L811	M184																			
T	ROOT	L1085,L1130,L1155	V168,V171,P305	P108,V221	M42,P97	M168	P143	M89,M213,P14	F1329	M578	M522,M523	M9	P326,L811	M184	M70																		
T	ROOT	L1085,L1130,L1155	V168,V171,P305	P108,V221	M42,P97	M168	P143	M89,M213,P14	F1329	M578	M522,M523	M9	P326,L811	M184	M70	L162																	
T	ROOT	L1085,L1130,L1155	V168,V171,P305	P108,V221	M42,P97	M168	P143	M89,M213,P14	F1329	M578	M522,M523	M9	P326,L811	M184	M70	L162	L208																
T	ROOT	L1085,L1130,L1155	V168,V171,P305	P108,V221	M42,P97	M168	P143	M89,M213,P14	F1329	M578	M522,M523	M9	P326,L811	M184	M70	L162	L208	Z709															
T	ROOT	L1085,L1130,L1155	V168,V171,P305	P108,V221	M42,P97	M168	P143	M89,M213,P14	F1329	M578	M522,M523	M9	P326,L811	M184	M70	L131																	
T	ROOT	L1085,L1130,L1155	V168,V171,P305	P108,V221	M42,P97	M168	P143	M89,M213,P14	F1329	M578	M522,M523	M9	P326,L811	M184	M70	Y11151																	
