marker	GRCh37	GRCh38	T2T	Anc	Der	Hg
L1036	3436657	3568616	3245817	A	G	A0
L1058	23973630	21827483	22662993	G	A	A0
L1075	14125645	12004939	12911880	C	T	A0
L896	21706626	19544740	20451300	A	T	A0
L979	3436364	3568323	3245524	G	T	A0
L980	3436387	3568346	3245547	C	G	A0
L981	6894187	7026146	6678476	C	T	A0
L987	7583448	7715407	7368078	C	A	A0
L991	14497059	12385264	13292897	C	A	A0
L994	14902417	12790484	13698761	C	T	A0
V148	6788191	6920150	6572478	G	A	A0
V164	18255814	16143934	17050474	C	T	A0
V166	16292866	14180986	15087635	G	A	A0
L1086	2826312	2958271	2635433	A	T	A00
L1159	23021666	20859780	21735013	A	T	A00
L1284	6877771	7009730	6662061	A	G	A00
L1085	2790726	2922685	2599868	T	C	A0'1'2'3'4
L1130	16661010	14549130	15455761	T	G	A0'1'2'3'4
L1155	22191266	20029380	20935916	G	C	A0'1'2'3'4
M31	21739754	19577868	20484428	G	C	A1
P82	6739826	6871785	6524111	C	A	A1
V4	6846482	6978441	6630768	G	A	A1
P305	2710154	2842113	2518944	G	A	A1'2'3'4
V168	17947672	15835792	16742260	G	A	A1'2'3'4
V171	4898665	5030624	4710154	C	G	A1'2'3'4
L602	16582907	14471027	15377643	A	G	A2
L963	17661248	15549368	16455884	C	A	A2
M14	21722268	19560382	20466942	T	C	A2
M6	18571026	16459146	17365698	A	G	A2
P28	21881115	19719229	20625779	C	T	A2
P3	21610585	19448699	20355281	C	T	A2
V50	6845936	6977895	6630222	T	C	A2
L419	15204887	13092973	14001245	G	A	A2'3
PK1	22583507	20421621	21296831	C	A	A2'3
P108	15426248	13314368	14221072	C	T	A2'3'4
V221	7589303	7721262	7377259	G	T	A2'3'4
M118	21763965	19602079	20508643	A	T	A3
M13	21722098	19560212	20466772	G	C	A3
M144	21925500	19763614	20670164	T	C	A3
M190	14968527	12856602	13764876	A	G	A3
M202	15029492	12917580	13825851	T	G	A3
M28	21729839	19567953	20474513	T	G	A3
M32	21740436	19578550	20485110	T	C	A3
M51	21868863	19706977	20613527	G	A	A3
P289	8467082	8599041	8254954	C	G	A3
V10	6893093	7025052	6677382	A	C	A3
M42	21866840	19704954	20611504	A	T	A4=BCDEF
P97	14886273	12774339	13682617	G	T	A4=BCDEF
50f2P	23497067	21335181	22210441	C	G	B
G1	21932926	19771040	20677588	A	G	B
L1388	6753313	6885272	6537598	G	C	B
L1394	19413382	17301502	18207997	A	G	B
M109	21774180	19612294	20518856	G	A	B
M112	21767959	19606073	20512635	C	T	B
M150	21869519	19707633	20614183	C	T	B
M152	21868068	19706182	20612732	C	T	B
M181	14851554	12739620	13647897	T	C	B
M182	14869076	12757146	13665423	C	T	B
M192	15014262	12902350	13810622	C	T	B
M218	15437063	13325183	14231887	C	T	B
M236	2649696	2781655	2458496	G	C	B
M60	21878072	19716186	20622736	ins T	ins T	B
M6529	2657411	2789370		G	A	B
M7104	2711408	2843367		C	G	B
M7106	6982169	7114128		A	C	B
M7583	2844095	2976054		G	T	B
M7585	6753433	6885392	6537718	A	G	B
M8035	7606120	7738079		T	C	B
M8036	7769194	7901153		C	T	B
M8341	13943825	11823119		C	T	B
M8342	14587628	12475828		G	A	B
M8348	6637124	6769083		C	T	B
M8351	6790204	6922163		C	G	B
M8495	2736732	2868691	2545523	T	G	B
M8497	8156900	8288859	7944815	T	G	B
P32	14495244	12383441	13291072	del T	del T	B
P6	6768265	6900224	6552551	G	C	B
P85	15020578	12908667	13816938	T	C	B
P90	14850579	12738645	13646922	C	T	B
V197	23120337	20958451	21833702	G	A	B
V227	7599027	7730986	7386983	A	T	B
V244	2798459	2930418	2607601	C	T	B
V62	17201891	15090011	15996543	G	A	B
V75	17421349	15309469	16216002	G	A	B
V78	6859558	6991517	6643845	C	G	B
B477	6822655	6954614	6606941	G	A	C
B65	23430253	21268367	22143625	C	G	C
CTS11043	22914979	20753093	21628315	G	T	C
F1144	8307194	8439153	8095078	G	A	C
F1370	8643365	8775324	8431340	G	C	C
F3393	23023974	20862088	21737321	C	A	C
F3918	14533880	12422081	13329706	A	T	C
F845	6875257	7007216	6659547	T	G	C
K281	17244161	15132281	16038819	G	A	C
K29	6630453	6762412	6414728	G	T	C
K362	21527071	19365185	20271722	G	A	C
K550	18165571	16053691	16960235	C	T	C
K60	4039023	4170982	3850463	C	A	C
K88	6012134	6144093	5824077	A	T	C
L1373	22711592	20549706	21424912	A	G	C
M105	21866491	19704605	20611155	C	T	C
M130	2734854	2866813	2543645	C	T	C
M208	15576203	13464323	14371012	C	T	C
M210	15575780	13463900	14370589	A	T	C
M216	15437564	13325684	14232388	C	T	C
M217	15437333	13325453	14232157	A	C	C
M347	2877479	3009438	2686600	A	G	C
M356	2888203	3020162	2697324	C	G	C
M38	21742158	19580272	20486832	T	G	C
M386	2738986	2870945	2547777	C	T	C
M401	2745569	2877528	2554357	ins TG	ins TG	C
M48	21749881	19587995	20494555	A	G	C
M8	7291534	7423493	7075816	G	T	C
P323	14001179	11880473	12787379	G	A	C
P33	24987987	22841840	23677526	T	C	C
P33	26621735	24475588	24386942	T	C	C
P33	27340668	25194521	26006931	T	C	C
P355	22077527	19915641	20822185	C	T	C
P369	23785261	21623375	22498611	C	G	C
P39	14484581	12363850	13271282	G	A	C
P44	14495251	12383448	13291079	G	A	C
P92	14850853	12738919	13647196	C	T	C
PH1321	14546318	12434519	13342144	A	C	C
PH2398	16605041	14493161	15399789	G	A	C
PH338	6953019	7084978	6737310	G	A	C
PH41	2766458	2898417	2575605	A	C	C
PH4186	19057783	16945903	17852412	T	C	C
PH4682	21166296	19004410	19910914	G	T	C
PH475	7166937	7298896	6951219	C	T	C
PH4949	21764747	19602861	20509425	A	G	C
PH5224	22827752	20665866	21541089	C	A	C
PH702	13912370	11791664	12698612	C	T	C
PH767	13988414	11867708	12774616	G	A	C
SK1010	6933080	7065039	6717371	A	G	C
V20	6845955	6977914	6630241	G	A	C
Z1300	7801788	7933747	7589733	C	T	C
Z1338	17844001	15732121	16638574	T	C	C
Z1453	19020366	16908486	17814994	A	G	C
Z31879	18715450	16603570	17510128	G	T	C
Z5899	2852640	2984599	2661761	T	C	C
M168	14813991	12702062	13610335	C	T	CDEF
P143	14197867	12077161	12984609	G	A	CF
CTS94	2726402	2858361	2535193	T	G	D
JST006841	6736154	6868113	6520438	C	T	D
JST021355	2828425	2960384	2637546	A	G	D
JST022457	24464597	22318450	23103489	G	C	D
L1375	7659530	7791489	7447473	G	T	D
M116	21765281	19603395	20509959	T	A	D
M125	21930287	19768401	20674949	T	C	D
M15	21724699	19562813		GGCA	TTGTACAGAGA	D
M174	14954280	12842354	13750628	T	C	D
M179	14838700	12726767	13635044	C	T	D
M55	21872738	19710852	20617402	T	C	D
N1	14851526	12739592	13647869	C	G	D
P42	14481731	12361000	13268432	C	T	D
P47	14497168	12385373	13293006	C	T	D
P99	14886386	12774452	13682730	C	T	D
Z1516	6863631	6995590	6647922	T	G	D
Z1520	14181878	12061172	12968620	T	C	D
Z1569	6804892	6936851	6589179	T	C	D
Z1576	17547333	15435453	16341968	A	G	D
Z1627	18942397	16830517	17737022	T	G	D
M145	21717208	19555322	20461882	C	T	DE
M203	15591537	13479657	14386346	G	C	DE
L336	21903853	19741967	20648517	G	A	E
L485	8852858	8984817	8640928	C	T	E
L514	14636457	12524526	13432337	C	T	E
L618	15339697	13227815	14134522	T	C	E
M123	21764586	19602700	20509264	C	T	E
M132	21896261	19734375	20640925	G	T	E
M180	14850341	12738407	13646684	T	C	E
M183	14888783	12776849	13685127	A	C	E
M191	15019613	12907702	13815973	T	G	E
M2	14096577	11975871	12882769	A	G	E
M215	15467824	13355944	14262648	A	G	E
M281	21764500	19602614	20509178	C	T	E
M293	22744939	20583053	21458258	T	G	E
M310	22751863	20589977	21465183	C	T	E
M33	21740450	19578564	20485124	A	C	E
M34	21740716	19578830	20485390	G	T	E
M35	21741703	19579817	20486377	G	C	E
M40	2663943	2795902	2472742	C	T	E
M44	21752644	19590758	20497318	G	C	E
M521	6822948	6954907	6607234	C	T	E
M75	21890177	19728291	20634841	G	A	E
M78	21893303	19731417	20637967	C	T	E
M81	21892572	19730686	20637236	C	T	E
M84	21898363	19736477	20643019	del T	del T	E
M96	21778998	19617112	20523674	C	G	E
P1	21612167	19450281	20356863	G	A	E
P147	21083420	18921534	19828035	T	A	E
P177	14159846	12039140	12946081	C	T	E
P179	14060308	11939602	12846488	A	C	E
P189#	14197977	12077271	12984719	G	A	E
P2	21610831	19448945	20355527	G	A	E
P29	14497207	12385412	13293045	A	C	E
U174	16251357	14139477	15046138	G	A	E
U175	16253694	14141814	15048475	G	A	E
U181	16374426	14262546	15169173	C	T	E
U209	17294958	15183078	16089623	C	T	E
U290	21646058	19484172	20390736	T	A	E
V12	6823099	6955058	6607385	A	G	E
V13	6842263	6974222	6626549	G	A	E
V16	6851471	6983430	6635757	C	T	E
V22	6859957	6991916	6644244	T	C	E
V32	6932821	7064780	6717112	G	C	E
V36	6814246	6946205	6598532	T	C	E
V38	6818291	6950250	6602577	C	T	E
V6	6932007	7063966	6716298	G	C	E
V65	17287868	15175988	16082532	C	A	E
V68	17664771	15552891	16459389	A	C	E
V95	5274968	5406927	5086502	C	G	E
Z1902	22823155	20661269	21536492	A	G	E
Z1919	15499572	13387692	14294397	G	A	E
Z1920	15502485	13390605	14297311	T	A	E
Z5994	6766753	6898712	6551039	A	T	E
Z827	7290454	7422413	7074736	G	C	E
Z830	7729622	7861581	7517563	G	A	E
M213	15526751	13414871	14321576	T	C	F
M89	21917313	19755427	20661977	C	T	F
P14	17398598	15286718	16193256	C	T	F
CTS2488	14326884	12206178	13113613	C	G	G
CTS342	6700171	6832130	6484453	G	T	G
CTS4803	15833180	13721300	14627930	G	A	G
CTS5762	16471001	14359121	15265736	C	G	G
L1259	15615340	13503460	14410149	C	G	G
L140	7570859	7702818		del T	del T	G
L156	17174741	15062861	15969421	A	T	G
L183	8467136	8599095	8255008	G	C	G
L223	6345148	6477107	6145183	C	G	G
L293	9985022	10147413	10466528	G	C	G
L30	15604899	13493019	14399708	C	T	G
L31	14028148	11907442	12814334	C	A	G
L497	17423320	15311440	16217973	C	T	G
L645	2888673	3020632	2697794	A	C	G
L72	23243887	21082001	21957254	G	C	G
L833	15541217	13429337	14336042	T	C	G
L90	21628300	19466414	20372978	G	A	G
L91	21645555	19483669	20390233	G	C	G
M201	15027529	12915617	13823888	G	T	G
M285	22741740	20579854	21455059	G	C	G
M342	23243942	21082056	21957309	C	T	G
M377	15027433	12915521	13823792	A	G	G
M406	2749995	2881954	2558787	T	G	G
M485	18759690	16647810	17554359	C	T	G
M527	14871976	12760046	13668323	C	T	G
P15	23244026	21082140	21957393	C	T	G
P257	14432928	12312201	13219652	G	A	G
P287	22072097	19910211	20816755	G	T	G
P303	21645348	19483462	20390026	T	C	G
PF2824	5253861	5385820	5065392	G	A	G
PF3146	5688132	5820091	5500113	C	T	G
PF3359	7877472	8009431	7665427	G	A	G
U1	15058878	12946970	13855240	A	G	G
U13	14698928	12586994	13494804	C	T	G
U16	22917995	20756109	21631331	C	T	G
U5	23973594	21827447	22662957	T	G	G
U8	14692227	12580293	13488103	T	C	G
Z1903	16596946	14485066	15391682	A	G	G
Z2047	14281832	12161126	13068557	G	A	G
Z6717	21905480	19743594	20650144	G	A	G
Z6718	21979648	19817762	20724312	G	A	G
Z724	6835545	6967504	6619831	C	T	G
Z725	7897070	8029029		del C	del C	G
Z738	14116041	11995335	12902272	A	C	G
Z764	18023391	15911511	16817970	G	T	G
F1329	8589031	8720990	8377010	C	T	GHIJKLT
Apt	23496331	21334445	22209705	C	T	H
F4133	9131367	9293758	8899918	C	A	H
L901	17844304	15732424	16638877	C	T	H
L902	23009978	20848092	21723325	C	T	H
M282	21764431	19602545	20509109	T	C	H
M2853	15748250	13636370	14543009	C	T	H
M2940	17846704	15734824	16641277	C	A	H
M2970	18870223	16758343	17664868	T	G	H
M2972	18881280	16769400	17675913	C	T	H
M3035	21940316	19778430	20684978	C	T	H
M370	2888598	3020557	2697719	C	G	H
M52	21753199	19591313	20497873	A	C	H
M69	21894058	19732172	20638722	T	C	H
M82	21894174	19732288		del AT	del AT	H
P96	14869743	12757813	13666090	C	A	H
PR2906	18865398	16753518	17660043	A	G	H
PR5932	16699062	14587182	15493827	G	A	H
Z14258	2697625	2829584	2506415	G	A	H
Z14262	4227676	4359635	4039119	C	A	H
Z194	7743644	7875603	7531589	A	G	H
Z4452	17508064	15396184	16302701	C	A	H
Z4507	6680599	6812558	6464875	T	A	H
Z5857	2759285	2891244	2568077	C	G	H
Z5865	2667783	2799742	2476582	C	T	H
Z5867	2866232	2998191	2675353	C	T	H
Z9469	18622326	16510446	17416990	G	A	H
M578	7202703	7334662	6986986	C	T	HIJKLT
CTS10057	19232160	17120280	18026789	C	T	I
CTS10100	19255890	17144010	18050527	G	A	I
CTS1977	14140273	12019567	12926508	G	A	I
CTS4544	15707131	13595251	14501891	C	T	I
CTS595	6874115	7006074	6658405	C	T	I
CTS616	6906332	7038291	6690620	C	G	I
CTS6364	16850779	14738899	15645535	A	T	I
CTS6433	16889964	14778084	15684712	T	C	I
CTS9183	18732197	16620317	17526875	A	G	I
DF29	3626279	3758238	3435436	A	G	I
L1229	14937828	12825903	13734183	C	A	I
L1237	21742084	19580198	20486758	A	G	I
L1286	21778662	19616776	20523338	G	A	I
L1287	21970862	19808976	20715526	G	T	I
L161	22513718	20351832	21227046	C	T	I
L22	8576009	8707968	8363988	A	C	I
L38	15668070	13556190	14462834	A	G	I
L460	7879415	8011374	7667370	A	C	I
L596	14197631	12076925	12984373	G	A	I
L597	18887888	16776008	17682521	T	A	I
L621	18760081	16648201	17554750	G	A	I
L68	18700150	16588270	17494828	C	T	I
L701	6753316	6885275	6537601	C	T	I
L80	14640715	12528784	13436595	A	G	I
L801	21763755	19601869	20508433	A	C	I
L813	7659777	7791736	7447720	A	G	I
M170	14847792	12735858	13644135	A	C	I
M223	21717307	19555421	20461981	G	A	I
M227	15591446	13479566	14386255	C	G	I
M253	15022707	12910796	13819067	C	T	I
M258	15023364	12911452	13819723	T	C	I
M26	21865821	19703935	20610485	G	A	I
M284	22750461	20588575		del ACAA	del ACAA	I
M423	19096091	16984211	17890698	G	A	I
M436	18747493	16635613	17542162	G	C	I
M438	16638804	14526924	15433552	A	G	I
P109	15426005	13314125	14220829	C	T	I
P217	7628484	7760443	7416437	C	T	I
P259	15591474	13479594	14386283	T	G	I
S17250	15531354	13419474	14326179	G	A	I
U179	16354708	14242828	15149468	G	A	I
U250	18888200	16776320	17682833	C	G	I
Z131	5845252	5977211	5657222	G	A	I
Z138	15711340	13599460	14506100	C	G	I
Z139	21288655	19126769	20033272	G	T	I
Z140	17863355	15751475	16657928	G	A	I
Z141	7530813	7662772	7315477	A	G	I
Z161	2696497	2828456	2505287	C	G	I
Z2040	15642141	13530261	14436950	G	T	I
Z2041	17571016	15459136	16365649	T	C	I
Z2539	17443720	15331840	16238358	A	G	I
Z58	9847423	10009814	10328897	T	C	I
Z59	16802360	14690480	15597127	G	T	I
Z60	18234588	16122708	17029252	C	G	I
Z63	14401486	12280783	13188211	C	T	I
Z74	8073670	8205629	7861634	G	T	I
Z78	9154908	9317299	8923460	T	C	I
P203#	22750951	20589065	21464271	G	A	I; O
M429	14031334	11910628	12817519	T	A	IJ
P126	21225770	19063884	19970386	C	G	IJ
M522	7173143	7305102	6957425	G	A	IJKLT
M523	6753519	6885478	6537804	A	G	IJKLT
CTS4800	15830461	13718581	14625211	G	A	J
F1614	9835988	9998379	10317461	T	C	J
F3133	21142273	18980387	19886890	C	T	J
FGC11	18581881	16470001	17376553	G	A	J
FGC6064	14301501	12180795		A	T	J
L136	7570823	7702782	7355454	del T	del T	J
L210	16492197	14380317	15286933	A	T	J
L227	6859963	6991922	6644250	C	T	J
L228	7771358	7903317	7559303	C	T	J
L24	14286528	12165822	13073253	G	A	J
L25	19136822	17024942	17931441	T	C	J
L26	22942897	20781011	21656234	T	C	J
L282	5359116	5491075	5170641	C	T	J
L283	6932663	7064622	6716954	C	G	J
L558	10008614	10171005	10490120	C	T	J
L581	14870114	12758184	13666461	T	G	J
L620	5274763	5406722	5086297	G	A	J
L827	15541333	13429453	14336158	C	T	J
L858	9879005	10041396	10360498	C	T	J
M102	21926112	19764226	20670776	G	C	J
M12	7583480	7715439	7368110	G	T	J
M158	21716366	19554480	20461040	C	T	J
M172	14969634	12857709	13765983	T	G	J
M205	15587509	13475629	14382318	T	A	J
M267	22741818	20579932	21455137	T	G	J
M304	22749853	20587967	21463173	A	C	J
M319	15467785	13355905	14262609	T	A	J
M410	2751678	2883637	2560470	A	G	J
M497	17419934	15308054	16214587	T	C	J
M67	21878809	19716923	20623473	A	T	J
M92	21904023	19742137	20648687	T	C	J
P209	19179335	17067455	17973953	T	C	J
P354	17614366	15502486	16409005	G	A	J
P58	14486667	12365936	13273370	T	C	J
PF4610	22757708	20595822	21471027	G	C	J
PF5008	7691561	7823520	7479504	T	C	J
PF5050	22007097	19845211	20751760	C	T	J
PF5116	4065584	4197543	3877024	G	A	J
PF5125	9089648	9252039	8858199	C	G	J
PF5132	17434361	15322481	16229004	A	G	J
PF5172	7882829	8014788	7670784	G	A	J
PF5197	19068737	16956857	17863366	G	A	J
PF5294	14727442	12615510	13523322	G	A	J
PF5401	23980955	21834808	22670318	C	A	J
PF7264	7842079	7974038	7630032	C	G	J
S23154	21492212	19330326	20236865	T	C	J
S4924	15465507	13353627	14260331	G	A	J
Y4036	22146827	19984941	20891483	C	T	J
Y5014	22521698	20359812	21235026	G	A	J
Y6304	9001870	9164261	8770399	G	A	J
YSC76	8432091	8564050	8219958	C	T	J
Z1827	14393681	12272977	13180405	C	A	J
Z1828	2669716	2801675	2478515	C	T	J
Z1846	7372423	7504382	7156715	C	T	J
Z1884	22797639	20635753	21510957	C	T	J
Z1889	24435821	22289674	23084163	A	G	J
Z2215	16227302	14115422	15022079	G	A	J
Z2220	2687198	2819157	2495997	G	C	J
Z2221	8265737	8397696	8053621	G	A	J
Z2324	19124399	17012519	17919010	T	C	J
Z2432	7508082	7640041	7292742	G	T	J
Z438	22505840	20343954	21219168	T	A	J
Z500	8529549	8661508	8317493	C	T	J
Z575	16328869	14216989	15123628	A	T	J
Z6049	15783184	13671304	14577946	G	A	J
Z6064	21260216	19098330	20004833	G	A	J
Z6065	18182306	16070426	16976969	G	T	J
Z640	8210480	8342439	7998377	T	G	J
Z7430	23617203	21455317	22330580	C	T	J
Z7671	18151627	16039747	16946296	A	C	J
Z7700	6870824	7002783	6655114	C	G	J
M526	23550924	21389038	22264299	A	C	K
M9	21730257	19568371	20474931	C	G	KLT
L595	21739651	19577765	20484325	C	T	L
M20	21733454	19571568	20478128	A	G	L
M22	14790163	12678234	13586507	A	G	L
M2398	8039705	8171664	7827670	T	C	L
M2481	14629818	12517887	13425698	G	A	L
M27	21739646	19577760	20484320	C	G	L
M317	22754671	20592785	21467991	del GA	del GA	L
M349	2893277	3025236	2702399	G	T	L
M357	2888252	3020211	2697373	C	A	L
M76	21757316	19595430	20501990	T	G	L
Z5926	6766411	6898370	6550697	T	C	L
L811	21364708	19202822	20109322	C	T	LT
P326	8467290	8599249	8255162	T	C	LT
B254	14102580	11981874	12888815	C	A	M
B255	21984729	19822843	20729393	C	T	M
B256	2723942	2855901	2532733	G	T	M
F2561	17678803	15566923	16473434	G	A	M
FGC38729	7301988	7433947		C	T	M
FGC5054	18604959	16493079		G	A	M
FGC9126	15888442	13776562	14683189	G	A	M
M10072	18192531	16080651		G	A	M
M106	21866424	19704538	20611088	A	G	M
M177	2658869	2790828	2467668	G	A	M
M186	14923461	12811526	13719805	del G	del G	M
M189	14945705	12833779	13742055	G	T	M
M230	15481372	13369492	14276196	T	A	M
M254	15022763	12910852	13819123	AG	TACTATGTTTACTATGATGC	M
M353	17309267	15197387	16103932	G	A	M
M5	21609946	19448060	20354642	C	T	M
P117	14819693	12707760	13616037	G	T	M
P118	15019806	12907895	13816166	del C	del C	M
P202	14001024	11880318	12787224	T	A	M
P256	8685230	8817189	8473212	G	A	M
P308	15409573	13297693	14204398	C	T	M
P315	6740065	6872024	6524350	C	A	M
P336	9004921	9167312	8773450	G	A	M
P34	23667187	21505301	22380563	G	A	M
P34	23690727	21528841	22404093	G	A	M
P34	24046710	21900563	22736078	G	A	M
P34	24567083	22420936	23256566	G	A	M
P34	24567120	22420973	23256603	G	A	M
P377	5847373	5979332		A	G	M
P378	4093081	4225040	3904521	C	T	M
P397	28759645	26613498	27425450	C	T	M
P399	13563083	11407407	11628747	C	T	M
P405	8391108	8523067	8178954	G	T	M
P60	14484471	12363740	13271172	T	C	M
P79	6740377	6872336	6524662	T	C	M
P87	15019719	12907808	13816079	A	C	M
Page93	15481435	13369555	14276259	C	T	M
PR2099	16328755	14216875	15123514	C	T	M
rs2381324	28737364	26591217	27403168	G	A	M
rs368228091	21612650	19450764	20357346	G	A	M
rs368587345	13938612	11817906	12724853	C	T	M
rs370756633	17800094	15688214	16594676	T	G	M
rs370759530	7389972	7521931	7174290	G	A	M
rs372737012	7982583	8114542	7770543	G	T	M
rs377052367	8599643	8731602	8387620	A	G	M
SK1806	8535703	8667662	8323647	C	T	M
SK1822	16404029	14292149	15198776	A	G	M
SK1824	19287466	17175586	18082103	C	A	M
SK1877	8545089	8677048	8333033	C	T	M
SK1882	18110438	15998558	16905107	C	T	M
Z30835	16324762	14212882	15119521	C	A	M
Z31007	15576350	13464470	14371159	G	T	M
Z33118	15994105	13882225	14788876	G	A	M
Z33330	16960342	14848462	15755025	C	T	M
Z33345	21284118	19122232	20028735	C	T	M
L405	28731917	26585770	27397721	A	C	MP
P331	16222561	14110681	15017338	C	T	MP
F1154	8381313	8513272	8169165	T	C	N
F1206	8440417	8572376	8228285	C	T	N
F2569	17703598	15591718	16498233	A	G	N
F2905	18954139	16842259	17748764	G	C	N
F2930	14108344	11987638	12894575	G	A	N
F3163	21231863	19069977	19976479	G	A	N
F4201	16256046	14144166	15050827	C	A	N
F830	6801568	6933527	6585855	T	C	N
L1025	14126006	12005300	12912241	G	A	N
L1026	21892577	19730691		del TA	del TA	N
L1034	21646398	19484512	20391076	G	C	N
L392	6753265	6885224	6537550	A	C	N
L550	21286248	19124362	20030865	C	T	N
L666	7570816	7702775	7355448	G	A	N
L708	7629512	7761471	7417465	C	A	N
L729	19431608	17319728	18226226	A	C	N
L735	23139617	20977731	21852982	G	T	N
L839	22974783	20812897	21688120	A	G	N
M178	21741755	19579869	20486429	C	T	N
M231	15469724	13357844	14264548	G	A	N
M2783	9850683	10013074	10332159	A	G	N
M46	14922583	12810648	13718927	T	C	N
P105	15422962	13311082	14217787	C	T	N
P43	21880973	19719087	20625637	G	A	N
P63	21843827	19681941	20588503	ins C	ins C	N
VL25	13525150	11369474		C	T	N
VL29	14570424	12458624	13366239	T	C	N
Y6503	23592250	21430364	22305626	C	T	N
Z1925	7246954	7378913	7031236	del A	del A	N
Z1935	19219721	17107841	18014359	A	G	N
Z1936	21463326	19301440	20207947	C	T	N
Z1941	8557714	8689673	8345664	T	G	N
Z4762	3821237	3953196	3630392	A	C	N
M214	15471925	13360045	14266749	T	C	NO
CTS713	6969538	7101497	6753827	A	G	O
F11	2815303	2947262	2624426	C	G	O
F1252	8492876	8624835	8280837	C	T	O
F1462	8910408	9042367	8698483	T	C	O
F444	17880466	15768586	16675039	C	T	O
F449	17917402	15805522	16711979	G	A	O
F75	7410009	7541968	7194329	T	C	O
F789	6629330	6761289	6413605	T	A	O
F964	7421428	7553387	7205756	C	T	O
JST002611	7546726	7678685	7331366	C	T	O
K4	21314376	19152490	20058993	C	T	O
K7	8239237	8371196	8027121	C	A	O
KL1	18842841	16730961	17637486	G	T	O
M110	21907097	19745211	20651761	T	C	O
M117	21765312	19603426		del AGAT	del AGAT	O
M119	21762685	19600799	20507363	T	G	O
M122	21764674	19602788	20509352	A	G	O
M133	21716327	19554441	20461001	del T	del T	O
M134	21716218	19554332	20460892	del C	del C	O
M175	15508706	13396826		del TTCTC	del TTCTC	O
M176	2655180	2787139	2463979	G	A	O
M188	14924869	12812934	13721213	C	T	O
M268	22739301	20577415	21452620	A	G	O
M324	2821786	2953745	2630908	G	C	O
M50	21868672	19706786	20613336	T	C	O
M7	4078217	4210176	3889657	C	G	O
M95	21938444	19776558	20683106	C	T	O
N6	21889536	19727650	20634200	G	A	O
P164	14001232	11880526	12787432	A	G	O
P186	7568568	7700527	7353200	C	A	O
P197	19179463	17067583	17974081	G	T	O
P200	18560005	16448125	17354676	T	G	O
P201	2828196	2960155	2637317	T	C	O
P31	14495243	12383440	13291071	T	C	O
P49	14496407	12384612	13292245	A	T	O
Page23	15999244	13887364	14794015	G	A	O
PK4	21285962	19124076	20030579	A	T	O
P295	7963031	8094990	7750991	T	G	P
CTS11969	23391298	21229412	22104676	T	G	Q
CTS11970	23391307	21229421	22104685	G	C	Q
F1096	8087573	8219532	7875538	A	T	Q
F1215	8454150	8586109	8242017	A	C	Q
F1251	8491335	8623294	8279296	T	G	Q
F3243	21723218	19561332	20467892	T	C	Q
L191	2887379	3019338	2696500	del A	del A	Q
L232	17516095	15404215	16310732	G	A	Q
L245	5675090	5807049	5487071	C	G	Q
L275	19136888	17025008	17931507	G	A	Q
L314	15587574	13475694	14382383	A	C	Q
L330	17766807	15654927	16561432	T	C	Q
L334	14482079	12361348	13268780	G	A	Q
L472	7014317	7146276	6798599	G	C	Q
L527	17661303	15549423	16455939	C	A	Q
L529	6931700	7063659	6715991	A	G	Q
L53	21642296	19480410	20386974	G	A	Q
L54	23292782	21130896	22006154	G	A	Q
L56	8148869	8280828	7936783	G	A	Q
L57	15574102	13462222	14368911	G	A	Q
L804	14028228	11907522	12814414	T	A	Q
L805	16699291	14587411	15494056	A	G	Q
L940	6846280	6978239	6630566	C	G	Q
M120	21907394	19745508	20652058	T	C	Q
M143	21889818	19727932	20634482	G	T	Q
M19	21733231	19571345	20477905	T	A	Q
M242	15018582	12906671	13814942	C	T	Q
M25	21866664	19704778	20611328	G	C	Q
M3	19096363	16984483	17890970	G	A	Q
M346	2887156	3019115	2696277	C	G	Q
M378	15027507	12915595	13823866	A	G	Q
M557	15014658	12902746		del TAC	del TAC	Q
MEH2	4925637	5057596	4737126	G	T	Q
MG2	14998418	12886503	13794778	T	C	Q
NWT01	2888083	3020042	2697204	C	G	Q
P36	14496441	12384646	13292279	G	T	Q
SA01	15014716	12902804	13811076	C	T	Q
Z780	8510540	8642499	8298482	C	T	Q
M45	21867787	19705901	20612451	G	A	QR
M74	21889767	19727881	20634431	G	A	QR
CTS11962	23383729	21221843	22097107	C	T	R
CTS1211	7271722	7403681	7056004	C	A	R
CTS3402	14896020	12784086	13692364	A	G	R
CTS4065	15372323	13260443	14167148	A	C	R
CTS4385	15625999	13514119	14420808	A	T	R
CTS6	2657349	2789308	2466148	T	C	R
DF13	2836431	2968390	2645552	A	C	R
DF17	6631746	6763705	6416022	T	G	R
DF19	14301499	12180793	13088223	G	T	R
DF21	9878915	10041306	10360408	C	T	R
DF23	17774409	15662529	16569034	G	A	R
DF27	21380200	19218314	20124819	G	A	R
DF41	16992602	14880722	15787284	T	C	R
DF49	22735599	20573713	21448918	G	A	R
DF63	2883986	3015945	2693107	T	C	R
DF99	8829491	8961450	8617563	C	A	R
FGC396	6997451	7129410	6781739	C	T	R
L11	17844018	15732138	16638591	T	C	R
L1335	23154201	20992315	21867566	A	G	R
L2	5755550	5887509	5567528	C	T	R
L20	14231292	12110586	13018026	G	A	R
L23	6753511	6885470	6537796	G	A	R
L238	21253443	19091557	19998060	A	G	R
L260	18248830	16136950	17043490	G	T	R
L295	4929885	5061844	4741378	G	A	R
L365	21628667	19466781	20373345	T	C	R
L389	28733101	26586954	27398905	C	G	R
L448	6931809	7063768	6716100	C	T	R
L47	22178569	20016683	20923219	G	A	R
L48	23612197	21450311	22325574	G	T	R
L513	7340450	7472409	7124740	C	T	R
L52	14641193	12529262	13437073	C	T	R
L657	14159864	12039158	12946099	G	A	R
L754	22889018	20727132	21602357	G	A	R
L757	19054889	16943009	17849518	C	T	R
M124	21764501	19602615	20509179	G	A	R
M17	21733168	19571282	20477842	del G	del G	R
M173	15026424	12914512	13822783	A	C	R
M198	15030752	12918840	13827111	C	T	R
M207	15581983	13470103	14376792	A	G	R
M222	14902414	12790481	13698758	G	A	R
M269	22739367	20577481	21452686	T	C	R
M306	22750583	20588697	21463903	C	A	R
M343	2887824	3019783	2696945	C	A	R
M412	8502236	8634195	8290180	G	A	R
M415	9170545	9332936	8939099	C	A	R
M417	8533735	8665694	8321679	G	A	R
M420	23473201	21311315	22186574	T	A	R
M448	16520444	14408564	15315180	T	A	R
M458	24366464	22220317	23047193	A	G	R
M478	23444054	21282168	22157426	T	C	R
M479	20834667	18672781	19579250	C	T	R
M520	4446430	4578389	4257885	T	A	R
M529	15654428	13542548	14449238	C	G	R
M558	15063588	12951680	13859950	T	C	R
M582	14236070	12115364	13022804	T	G	R
M73	21888874	19726988	20633538	del GT	del GT	R
M780	21610995	19449109	20355691	C	T	R
P297	18656508	16544628	17451152	G	C	R
P310	18907236	16795356	17701872	A	C	R
P311	18248698	16136818	17043358	A	G	R
P312	22157311	19995425	20901962	C	A	R
P314	2888672	3020631	2697793	T	C	R
PF7545	15446956	13335076	14241780	A	C	R
PH1165	14338481	12217776	13125212	C	T	R
S11345	8362542	8494501	8150417	G	A	R
S2863	16614118	14502238	15408866	C	G	R
S2894	17803051	15691171	16597633	G	T	R
S3058	15683936	13572056	14478700	T	C	R
S3485	16643901	14532021	15438649	G	A	R
S47	14515040	12403245	13310878	C	T	R
U106	8796078	8928037	8584141	C	T	R
U152	15333149	13221267	14127973	C	T	R
U198	16839499	14727619	15634253	G	A	R
V88	4862861	4994820	4674334	C	T	R
Y1280	4625712	4757671	4437169	A	G	R
Y1285	7536663	7668622	7321302	A	C	R
Y1332	14301872	12181166	13088596	C	A	R
Y1336	24358540	22212393	23209656	A	G	R
Y3550	21383466	19221580	20128085	T	A	R
Y4	15808526	13696646	14603288	C	A	R
Y40	21577643	19415757		C	T	R
Y7771	7366284	7498243	7150576	G	T	R
Y9	19383352	17271472	18177995	C	A	R
Z142	16787539	14675659	15582306	A	G	R
Z144	14544130	12432331	13339956	T	G	R
Z145	16454755	14342875	15249490	G	T	R
Z146	23627289	21465403	22340666	C	T	R
Z156	15780341	13668461	14575103	A	G	R
Z18	14991735	12879820	13788095	G	A	R
Z192	28688760	26542613	27354553	T	C	R
Z195	17922066	15810186	16716643	G	A	R
Z196	21033704	18871818		del AT	del AT	R
Z198	16593834	14481954	15388570	G	T	R
Z209	15508140	13396260	14302966	T	G	R
Z2103	7186135	7318094	6970418	G	C	R
Z2105	15747432	13635552	14542191	C	A	R
Z2122	14477397	12356666	13264098	G	A	R
Z2124	4521678	4653637	4333135	C	G	R
Z2125	6892233	7024192	6676522	C	T	R
Z214	21827794	19665908	20572471	A	C	R
Z216	18021350	15909470	16815929	C	T	R
Z220	16310705	14198825	15105464	G	A	R
Z225	8603396	8735355	8391373	A	G	R
Z229	8469661	8601620	8257534	G	A	R
Z246	7061380	7193339	6845666	T	G	R
Z249	5818205	5950164	5630182	T	C	R
Z251	8736334	8868293	8524401	G	A	R
Z253	7193034	7324993	6977317	G	A	R
Z2534	19033817	16921937	17828445	T	C	R
Z2542	17885577	15773697	16680150	C	T	R
Z255	15702775	13590895	14497535	T	C	R
Z2552	4217182	4349141	4028624	C	T	R
Z2557	13829071	11708365	12615404	C	A	R
Z2560	21392475	19230589	20137089	C	T	R
Z262	16320197	14208317	15114956	C	T	R
Z272	22440376	20278490	21153641	G	A	R
Z274	22293941	20132055		C	G	R
Z283	21976303	19814417	20720967	T	A	R
Z284	8717196	8849155	8505178	C	G	R
Z287	17293093	15181213	16087758	C	T	R
Z288	18175765	16063885	16970428	G	C	R
Z2961	7855252	7987211	7643205	C	T	R
Z30	22971392	20809506	21684729	C	G	R
Z301	14181107	12060401	12967849	C	T	R
Z31644	25302830	23156683	23994714	A	G	R
Z331	17375104	15263224	16169762	C	T	R
Z34	18405864	16293984	17200537	T	C	R
Z34609	27929277	25783130	26595534	A	C	R
Z36	4961118	5093077	4772615	A	G	R
Z367	9810794	9973185	10292268	T	C	R
Z381	7246726	7378685	7031008	C	T	R
Z49	28462237	26316090	27127995	G	T	R
Z56	18848155	16736275	17642799	G	A	R
Z645	8245045	8377004	8032929	C	T	R
Z647	7683058	7815017	7471001	G	A	R
Z8057	15850306	13738426	14645056	G	C	R
Z9	6788390	6920349	6572677	C	T	R
Z91	16474793	14362913	15269528	G	A	R
Z92	17585001	15473121	16379639	C	G	R
Z93	7552356	7684315	7336996	G	A	R
Z94	21043448	18881562	19788049	T	C	R
Z95	23956870	21810723	22646235	C	T	R
L131	19372808	17260928	18167459	C	T	T
L162	16019072	13907192	14813843	G	C	T
L208	6736443	6868402	6520727	C	T	T
M184	14898163	12786229	13694507	G	A	T
M70	21893881	19731995	20638545	A	C	T
Y11151	7857464	7989423	7645417	C	G	T
Z709	6890722	7022681	6675011	T	C	T
F549	19513070	17401190	18307708	C	T	X
F650	23617006	21455120	22330383	G	A	X
M2308	7690182	7822141	7478125	A	T	X
Y2659	17719324	15607444	16513959	G	A	X
